{
  "Add" : {
    "transaction" : "Add",
    "sampleCount" : 20310,
    "errorCount" : 20310,
    "errorPct" : 100.0,
    "meanResTime" : 540.8889709502639,
    "medianResTime" : 513.0,
    "minResTime" : 0.0,
    "maxResTime" : 1381.0,
    "pct1ResTime" : 587.0,
    "pct2ResTime" : 721.8500000000022,
    "pct3ResTime" : 1106.9900000000016,
    "throughput" : 34.31096785310648,
    "receivedKBytesPerSec" : 17.772226899646757,
    "sentKBytesPerSec" : 0.0
  },
  "Delete" : {
    "transaction" : "Delete",
    "sampleCount" : 20291,
    "errorCount" : 16,
    "errorPct" : 0.07885269,
    "meanResTime" : 519.9280962002867,
    "medianResTime" : 514.0,
    "minResTime" : 0.0,
    "maxResTime" : 1134.0,
    "pct1ResTime" : 576.0,
    "pct2ResTime" : 598.0,
    "pct3ResTime" : 653.0,
    "throughput" : 34.304543056926846,
    "receivedKBytesPerSec" : 5.294140434804293,
    "sentKBytesPerSec" : 0.0
  },
  "Bind" : {
    "transaction" : "Bind",
    "sampleCount" : 22261,
    "errorCount" : 16,
    "errorPct" : 0.07187458,
    "meanResTime" : 3338.685009658149,
    "medianResTime" : 1805.0,
    "minResTime" : 9.0,
    "maxResTime" : 131184.0,
    "pct1ResTime" : 4822.0,
    "pct2ResTime" : 8846.0,
    "pct3ResTime" : 32812.94000000001,
    "throughput" : 36.57727053148034,
    "receivedKBytesPerSec" : 7.6471813167718805,
    "sentKBytesPerSec" : 0.0
  },
  "Search (No-Index, RDN-Base)" : {
    "transaction" : "Search (No-Index, RDN-Base)",
    "sampleCount" : 1064281,
    "errorCount" : 800,
    "errorPct" : 0.07516812,
    "meanResTime" : 509.33373141116095,
    "medianResTime" : 550.0,
    "minResTime" : 0.0,
    "maxResTime" : 1133.0,
    "pct1ResTime" : 592.0,
    "pct2ResTime" : 617.0,
    "pct3ResTime" : 642.0,
    "throughput" : 1770.5203023729355,
    "receivedKBytesPerSec" : 701.0283730532955,
    "sentKBytesPerSec" : 0.0
  },
  "Total" : {
    "transaction" : "Total",
    "sampleCount" : 2232875,
    "errorCount" : 42224,
    "errorPct" : 1.8910149,
    "meanResTime" : 533.2051467279301,
    "medianResTime" : 562.0,
    "minResTime" : 0.0,
    "maxResTime" : 131184.0,
    "pct1ResTime" : 620.0,
    "pct2ResTime" : 638.0,
    "pct3ResTime" : 1670.5200000000768,
    "throughput" : 3668.859123039359,
    "receivedKBytesPerSec" : 1395.8217828908507,
    "sentKBytesPerSec" : 0.0
  },
  "Search" : {
    "transaction" : "Search",
    "sampleCount" : 1065189,
    "errorCount" : 800,
    "errorPct" : 0.07510404,
    "meanResTime" : 509.0253053683317,
    "medianResTime" : 550.0,
    "minResTime" : 0.0,
    "maxResTime" : 1132.0,
    "pct1ResTime" : 592.0,
    "pct2ResTime" : 618.0,
    "pct3ResTime" : 642.0,
    "throughput" : 1772.0102009751813,
    "receivedKBytesPerSec" : 661.0022275903357,
    "sentKBytesPerSec" : 0.0
  },
  "Compare" : {
    "transaction" : "Compare",
    "sampleCount" : 20282,
    "errorCount" : 20282,
    "errorPct" : 100.0,
    "meanResTime" : 514.683956217332,
    "medianResTime" : 509.0,
    "minResTime" : 0.0,
    "maxResTime" : 1044.0,
    "pct1ResTime" : 568.0,
    "pct2ResTime" : 589.0,
    "pct3ResTime" : 640.9900000000016,
    "throughput" : 34.308642455634065,
    "receivedKBytesPerSec" : 14.377607809732678,
    "sentKBytesPerSec" : 0.0
  },
  "Unbind" : {
    "transaction" : "Unbind",
    "sampleCount" : 20261,
    "errorCount" : 0,
    "errorPct" : 0.0,
    "meanResTime" : 0.07255318098810555,
    "medianResTime" : 0.0,
    "minResTime" : 0.0,
    "maxResTime" : 199.0,
    "pct1ResTime" : 0.0,
    "pct2ResTime" : 1.0,
    "pct3ResTime" : 1.0,
    "throughput" : 34.334043930494786,
    "receivedKBytesPerSec" : 6.705867955174763,
    "sentKBytesPerSec" : 0.0
  }
}