{
  "Bind" : {
    "transaction" : "Bind",
    "sampleCount" : 18912,
    "errorCount" : 18559,
    "errorPct" : 98.13346,
    "meanResTime" : 130999.21425549881,
    "medianResTime" : 130117.0,
    "minResTime" : 6.0,
    "maxResTime" : 442487.0,
    "pct1ResTime" : 130843.7,
    "pct2ResTime" : 131053.0,
    "pct3ResTime" : 145914.74999999997,
    "throughput" : 26.8790230771308,
    "receivedKBytesPerSec" : 8.806971311347263,
    "sentKBytesPerSec" : 0.0
  },
  "Total" : {
    "transaction" : "Total",
    "sampleCount" : 1526880,
    "errorCount" : 1509861,
    "errorPct" : 98.885376,
    "meanResTime" : 1704.4119315204814,
    "medianResTime" : 0.0,
    "minResTime" : 0.0,
    "maxResTime" : 442487.0,
    "pct1ResTime" : 130155.9,
    "pct2ResTime" : 130486.0,
    "pct3ResTime" : 130910.98000000001,
    "throughput" : 2169.2303102370997,
    "receivedKBytesPerSec" : 765.0645068089457,
    "sentKBytesPerSec" : 0.0
  },
  "Search" : {
    "transaction" : "Search",
    "sampleCount" : 1493054,
    "errorCount" : 1491302,
    "errorPct" : 99.88266,
    "meanResTime" : 83.70301743942477,
    "medianResTime" : 0.0,
    "minResTime" : 0.0,
    "maxResTime" : 111652.0,
    "pct1ResTime" : 0.0,
    "pct2ResTime" : 0.0,
    "pct3ResTime" : 103743.97,
    "throughput" : 2121.285398468979,
    "receivedKBytesPerSec" : 752.1622986037211,
    "sentKBytesPerSec" : 0.0
  },
  "Unbind" : {
    "transaction" : "Unbind",
    "sampleCount" : 14914,
    "errorCount" : 0,
    "errorPct" : 0.0,
    "meanResTime" : 0.14918868177551178,
    "medianResTime" : 0.0,
    "minResTime" : 0.0,
    "maxResTime" : 191.0,
    "pct1ResTime" : 0.0,
    "pct2ResTime" : 1.0,
    "pct3ResTime" : 1.0,
    "throughput" : 34.85499676316411,
    "receivedKBytesPerSec" : 6.80761655530549,
    "sentKBytesPerSec" : 0.0
  }
}