{
  "Bind" : {
    "transaction" : "Bind",
    "sampleCount" : 59710,
    "errorCount" : 13062,
    "errorPct" : 21.875732,
    "meanResTime" : 804.7137497906521,
    "medianResTime" : 787.0,
    "minResTime" : 0.0,
    "maxResTime" : 9871.0,
    "pct1ResTime" : 2266.0,
    "pct2ResTime" : 2565.9500000000007,
    "pct3ResTime" : 3461.9900000000016,
    "throughput" : 325.07444972533904,
    "receivedKBytesPerSec" : 78.07503438365971,
    "sentKBytesPerSec" : 0.0
  },
  "Total" : {
    "transaction" : "Total",
    "sampleCount" : 3110100,
    "errorCount" : 666283,
    "errorPct" : 21.423203,
    "meanResTime" : 22.948218385259818,
    "medianResTime" : 1.0,
    "minResTime" : 0.0,
    "maxResTime" : 9871.0,
    "pct1ResTime" : 7.0,
    "pct2ResTime" : 10.0,
    "pct3ResTime" : 325.0,
    "throughput" : 16930.966340579118,
    "receivedKBytesPerSec" : 5848.5891605661345,
    "sentKBytesPerSec" : 0.0
  },
  "Search" : {
    "transaction" : "Search",
    "sampleCount" : 2990493,
    "errorCount" : 653221,
    "errorPct" : 21.843254,
    "meanResTime" : 7.786459289488551,
    "medianResTime" : 1.0,
    "minResTime" : 0.0,
    "maxResTime" : 4046.0,
    "pct1ResTime" : 7.0,
    "pct2ResTime" : 9.0,
    "pct3ResTime" : 15.0,
    "throughput" : 16283.83102456874,
    "receivedKBytesPerSec" : 5708.231810140867,
    "sentKBytesPerSec" : 0.0
  },
  "Unbind" : {
    "transaction" : "Unbind",
    "sampleCount" : 59897,
    "errorCount" : 0,
    "errorPct" : 0.0,
    "meanResTime" : 0.6084444963854656,
    "medianResTime" : 0.0,
    "minResTime" : 0.0,
    "maxResTime" : 479.0,
    "pct1ResTime" : 1.0,
    "pct2ResTime" : 1.0,
    "pct3ResTime" : 3.0,
    "throughput" : 326.2630389193017,
    "receivedKBytesPerSec" : 63.72324978892611,
    "sentKBytesPerSec" : 0.0
  }
}