{
  "Delete" : {
    "transaction" : "Delete",
    "sampleCount" : 30000,
    "errorCount" : 3819,
    "errorPct" : 12.73,
    "meanResTime" : 128.7780666666662,
    "medianResTime" : 118.0,
    "minResTime" : 0.0,
    "maxResTime" : 2270.0,
    "pct1ResTime" : 266.0,
    "pct2ResTime" : 311.0,
    "pct3ResTime" : 392.0,
    "throughput" : 82.9797474096489,
    "receivedKBytesPerSec" : 13.21614547317818,
    "sentKBytesPerSec" : 0.0
  },
  "Add" : {
    "transaction" : "Add",
    "sampleCount" : 30000,
    "errorCount" : 20027,
    "errorPct" : 66.75667,
    "meanResTime" : 128.8479333333318,
    "medianResTime" : 119.0,
    "minResTime" : 0.0,
    "maxResTime" : 1090.0,
    "pct1ResTime" : 264.0,
    "pct2ResTime" : 310.0,
    "pct3ResTime" : 393.0,
    "throughput" : 82.95267273511553,
    "receivedKBytesPerSec" : 29.3221874464264,
    "sentKBytesPerSec" : 0.0
  },
  "Bind" : {
    "transaction" : "Bind",
    "sampleCount" : 30000,
    "errorCount" : 3819,
    "errorPct" : 12.73,
    "meanResTime" : 7862.806500000049,
    "medianResTime" : 7521.0,
    "minResTime" : 0.0,
    "maxResTime" : 20114.0,
    "pct1ResTime" : 14466.700000000004,
    "pct2ResTime" : 15647.0,
    "pct3ResTime" : 17404.99,
    "throughput" : 82.5516153975273,
    "receivedKBytesPerSec" : 18.917331479476292,
    "sentKBytesPerSec" : 0.0
  },
  "Search (No-Index, RDN-Base)" : {
    "transaction" : "Search (No-Index, RDN-Base)",
    "sampleCount" : 1500000,
    "errorCount" : 190950,
    "errorPct" : 12.73,
    "meanResTime" : 69.69909133333535,
    "medianResTime" : 20.0,
    "minResTime" : 0.0,
    "maxResTime" : 2771.0,
    "pct1ResTime" : 70.0,
    "pct2ResTime" : 92.0,
    "pct3ResTime" : 115.0,
    "throughput" : 4128.671421061179,
    "receivedKBytesPerSec" : 1595.710656599819,
    "sentKBytesPerSec" : 0.0
  },
  "Total" : {
    "transaction" : "Total",
    "sampleCount" : 3150000,
    "errorCount" : 439565,
    "errorPct" : 13.954445,
    "meanResTime" : 144.19774952380953,
    "medianResTime" : 6.0,
    "minResTime" : 0.0,
    "maxResTime" : 20114.0,
    "pct1ResTime" : 32.0,
    "pct2ResTime" : 40.0,
    "pct3ResTime" : 77.0,
    "throughput" : 8667.25182081076,
    "receivedKBytesPerSec" : 3148.6384568542826,
    "sentKBytesPerSec" : 0.0
  },
  "Search" : {
    "transaction" : "Search",
    "sampleCount" : 1500000,
    "errorCount" : 190950,
    "errorPct" : 12.73,
    "meanResTime" : 68.54152400000058,
    "medianResTime" : 20.0,
    "minResTime" : 0.0,
    "maxResTime" : 2764.0,
    "pct1ResTime" : 69.0,
    "pct2ResTime" : 90.95000000000073,
    "pct3ResTime" : 115.0,
    "throughput" : 4128.307806630062,
    "receivedKBytesPerSec" : 1452.5308811399977,
    "sentKBytesPerSec" : 0.0
  },
  "Compare" : {
    "transaction" : "Compare",
    "sampleCount" : 30000,
    "errorCount" : 30000,
    "errorPct" : 100.0,
    "meanResTime" : 108.02630000000019,
    "medianResTime" : 96.0,
    "minResTime" : 0.0,
    "maxResTime" : 2487.0,
    "pct1ResTime" : 236.0,
    "pct2ResTime" : 281.0,
    "pct3ResTime" : 353.9900000000016,
    "throughput" : 82.98686317955868,
    "receivedKBytesPerSec" : 24.074043278167817,
    "sentKBytesPerSec" : 0.0
  },
  "Unbind" : {
    "transaction" : "Unbind",
    "sampleCount" : 30000,
    "errorCount" : 0,
    "errorPct" : 0.0,
    "meanResTime" : 0.2741333333333338,
    "medianResTime" : 0.0,
    "minResTime" : 0.0,
    "maxResTime" : 706.0,
    "pct1ResTime" : 0.0,
    "pct2ResTime" : 1.0,
    "pct3ResTime" : 1.0,
    "throughput" : 82.99237300092122,
    "receivedKBytesPerSec" : 16.209447851742425,
    "sentKBytesPerSec" : 0.0
  }
}