{
  "Add" : {
    "transaction" : "Add",
    "sampleCount" : 30000,
    "errorCount" : 20697,
    "errorPct" : 68.99,
    "meanResTime" : 126.28339999999882,
    "medianResTime" : 112.0,
    "minResTime" : 0.0,
    "maxResTime" : 1767.0,
    "pct1ResTime" : 249.90000000000146,
    "pct2ResTime" : 283.0,
    "pct3ResTime" : 357.0,
    "throughput" : 103.11050008592541,
    "receivedKBytesPerSec" : 36.62594719346108,
    "sentKBytesPerSec" : 0.0
  },
  "Delete" : {
    "transaction" : "Delete",
    "sampleCount" : 30000,
    "errorCount" : 6766,
    "errorPct" : 22.553333,
    "meanResTime" : 123.95553333333386,
    "medianResTime" : 108.0,
    "minResTime" : 0.0,
    "maxResTime" : 1872.0,
    "pct1ResTime" : 250.0,
    "pct2ResTime" : 285.0,
    "pct3ResTime" : 364.9900000000016,
    "throughput" : 103.13034988690038,
    "receivedKBytesPerSec" : 16.821258344964146,
    "sentKBytesPerSec" : 0.0
  },
  "Bind" : {
    "transaction" : "Bind",
    "sampleCount" : 30000,
    "errorCount" : 6766,
    "errorPct" : 22.553333,
    "meanResTime" : 5519.508199999998,
    "medianResTime" : 4894.0,
    "minResTime" : 0.0,
    "maxResTime" : 13444.0,
    "pct1ResTime" : 9418.900000000001,
    "pct2ResTime" : 10315.850000000002,
    "pct3ResTime" : 12349.960000000006,
    "throughput" : 102.4723153961238,
    "receivedKBytesPerSec" : 24.59173455101755,
    "sentKBytesPerSec" : 0.0
  },
  "Search (No-Index, RDN-Base)" : {
    "transaction" : "Search (No-Index, RDN-Base)",
    "sampleCount" : 1500000,
    "errorCount" : 338300,
    "errorPct" : 22.553333,
    "meanResTime" : 49.57317266666616,
    "medianResTime" : 9.0,
    "minResTime" : 0.0,
    "maxResTime" : 2216.0,
    "pct1ResTime" : 66.90000000000146,
    "pct2ResTime" : 86.0,
    "pct3ResTime" : 119.0,
    "throughput" : 5126.189703193616,
    "receivedKBytesPerSec" : 1972.1506361548022,
    "sentKBytesPerSec" : 0.0
  },
  "Total" : {
    "transaction" : "Total",
    "sampleCount" : 3150000,
    "errorCount" : 740829,
    "errorPct" : 23.518381,
    "meanResTime" : 102.40513777777544,
    "medianResTime" : 1.0,
    "minResTime" : 0.0,
    "maxResTime" : 13444.0,
    "pct1ResTime" : 23.0,
    "pct2ResTime" : 30.0,
    "pct3ResTime" : 65.9900000000016,
    "throughput" : 10758.490669143965,
    "receivedKBytesPerSec" : 3896.842250908922,
    "sentKBytesPerSec" : 0.0
  },
  "Search" : {
    "transaction" : "Search",
    "sampleCount" : 1500000,
    "errorCount" : 338300,
    "errorPct" : 22.553333,
    "meanResTime" : 48.762550666666016,
    "medianResTime" : 10.0,
    "minResTime" : 0.0,
    "maxResTime" : 2220.0,
    "pct1ResTime" : 66.0,
    "pct2ResTime" : 86.0,
    "pct3ResTime" : 119.0,
    "throughput" : 5125.664200652668,
    "receivedKBytesPerSec" : 1799.1511986846265,
    "sentKBytesPerSec" : 0.0
  },
  "Compare" : {
    "transaction" : "Compare",
    "sampleCount" : 30000,
    "errorCount" : 30000,
    "errorPct" : 100.0,
    "meanResTime" : 65.66683333333297,
    "medianResTime" : 49.0,
    "minResTime" : 0.0,
    "maxResTime" : 1378.0,
    "pct1ResTime" : 136.0,
    "pct2ResTime" : 161.0,
    "pct3ResTime" : 210.9900000000016,
    "throughput" : 103.13708637730984,
    "receivedKBytesPerSec" : 30.124117022990976,
    "sentKBytesPerSec" : 0.0
  },
  "Unbind" : {
    "transaction" : "Unbind",
    "sampleCount" : 30000,
    "errorCount" : 0,
    "errorPct" : 0.0,
    "meanResTime" : 0.33933333333333116,
    "medianResTime" : 0.0,
    "minResTime" : 0.0,
    "maxResTime" : 672.0,
    "pct1ResTime" : 0.0,
    "pct2ResTime" : 1.0,
    "pct3ResTime" : 1.0,
    "throughput" : 103.14488762364493,
    "receivedKBytesPerSec" : 20.14548586399315,
    "sentKBytesPerSec" : 0.0
  }
}