{
  "Add" : {
    "transaction" : "Add",
    "sampleCount" : 15000,
    "errorCount" : 10075,
    "errorPct" : 67.166664,
    "meanResTime" : 102.61466666666641,
    "medianResTime" : 74.0,
    "minResTime" : 0.0,
    "maxResTime" : 1600.0,
    "pct1ResTime" : 211.0,
    "pct2ResTime" : 268.0,
    "pct3ResTime" : 475.0,
    "throughput" : 116.23762069339617,
    "receivedKBytesPerSec" : 40.114836412500196,
    "sentKBytesPerSec" : 0.0
  },
  "Delete" : {
    "transaction" : "Delete",
    "sampleCount" : 15000,
    "errorCount" : 15000,
    "errorPct" : 100.0,
    "meanResTime" : 44.54833333333353,
    "medianResTime" : 35.0,
    "minResTime" : 0.0,
    "maxResTime" : 1236.0,
    "pct1ResTime" : 87.0,
    "pct2ResTime" : 113.0,
    "pct3ResTime" : 196.0,
    "throughput" : 116.4189530055493,
    "receivedKBytesPerSec" : 18.645222942295007,
    "sentKBytesPerSec" : 0.0
  },
  "Bind" : {
    "transaction" : "Bind",
    "sampleCount" : 15000,
    "errorCount" : 0,
    "errorPct" : 0.0,
    "meanResTime" : 1370.6248666666731,
    "medianResTime" : 1094.5,
    "minResTime" : 1.0,
    "maxResTime" : 6598.0,
    "pct1ResTime" : 2759.8999999999996,
    "pct2ResTime" : 3532.8499999999967,
    "pct3ResTime" : 4920.859999999997,
    "throughput" : 114.60354812584998,
    "receivedKBytesPerSec" : 24.73377357012973,
    "sentKBytesPerSec" : 0.0
  },
  "Search (No-Index, RDN-Base)" : {
    "transaction" : "Search (No-Index, RDN-Base)",
    "sampleCount" : 750000,
    "errorCount" : 0,
    "errorPct" : 0.0,
    "meanResTime" : 32.81532800000108,
    "medianResTime" : 3.0,
    "minResTime" : 0.0,
    "maxResTime" : 3038.0,
    "pct1ResTime" : 10.0,
    "pct2ResTime" : 15.0,
    "pct3ResTime" : 30.0,
    "throughput" : 5731.534905047572,
    "receivedKBytesPerSec" : 2193.3834056541596,
    "sentKBytesPerSec" : 0.0
  },
  "Total" : {
    "transaction" : "Total",
    "sampleCount" : 1575000,
    "errorCount" : 40075,
    "errorPct" : 2.5444446,
    "meanResTime" : 46.094449523811846,
    "medianResTime" : 2.0,
    "minResTime" : 0.0,
    "maxResTime" : 6598.0,
    "pct1ResTime" : 10.0,
    "pct2ResTime" : 13.0,
    "pct3ResTime" : 58.0,
    "throughput" : 12023.91040469047,
    "receivedKBytesPerSec" : 4481.111620656124,
    "sentKBytesPerSec" : 0.0
  },
  "Search" : {
    "transaction" : "Search",
    "sampleCount" : 750000,
    "errorCount" : 0,
    "errorPct" : 0.0,
    "meanResTime" : 32.77115866666774,
    "medianResTime" : 3.0,
    "minResTime" : 0.0,
    "maxResTime" : 2753.0,
    "pct1ResTime" : 11.0,
    "pct2ResTime" : 15.0,
    "pct3ResTime" : 31.0,
    "throughput" : 5731.096931952776,
    "receivedKBytesPerSec" : 2160.354898177511,
    "sentKBytesPerSec" : 0.0
  },
  "Compare" : {
    "transaction" : "Compare",
    "sampleCount" : 15000,
    "errorCount" : 15000,
    "errorPct" : 100.0,
    "meanResTime" : 42.17739999999998,
    "medianResTime" : 34.0,
    "minResTime" : 0.0,
    "maxResTime" : 1154.0,
    "pct1ResTime" : 79.0,
    "pct2ResTime" : 104.0,
    "pct3ResTime" : 192.0,
    "throughput" : 116.475000582375,
    "receivedKBytesPerSec" : 27.179873617344683,
    "sentKBytesPerSec" : 0.0
  },
  "Unbind" : {
    "transaction" : "Unbind",
    "sampleCount" : 15000,
    "errorCount" : 0,
    "errorPct" : 0.0,
    "meanResTime" : 0.627599999999997,
    "medianResTime" : 0.0,
    "minResTime" : 0.0,
    "maxResTime" : 430.0,
    "pct1ResTime" : 1.0,
    "pct2ResTime" : 1.0,
    "pct3ResTime" : 3.0,
    "throughput" : 116.63802555150346,
    "receivedKBytesPerSec" : 22.780864365528018,
    "sentKBytesPerSec" : 0.0
  }
}