{
  "Add" : {
    "transaction" : "Add",
    "sampleCount" : 32154,
    "errorCount" : 32154,
    "errorPct" : 100.0,
    "meanResTime" : 377.09289668470245,
    "medianResTime" : 342.0,
    "minResTime" : 24.0,
    "maxResTime" : 1055.0,
    "pct1ResTime" : 600.0,
    "pct2ResTime" : 665.0,
    "pct3ResTime" : 726.0,
    "throughput" : 53.652415643531974,
    "receivedKBytesPerSec" : 27.93662232532596,
    "sentKBytesPerSec" : 0.0
  },
  "Delete" : {
    "transaction" : "Delete",
    "sampleCount" : 32143,
    "errorCount" : 0,
    "errorPct" : 0.0,
    "meanResTime" : 352.17982142301304,
    "medianResTime" : 341.0,
    "minResTime" : 42.0,
    "maxResTime" : 923.0,
    "pct1ResTime" : 390.0,
    "pct2ResTime" : 418.0,
    "pct3ResTime" : 574.0,
    "throughput" : 53.65339867731845,
    "receivedKBytesPerSec" : 8.27855174903937,
    "sentKBytesPerSec" : 0.0
  },
  "Bind" : {
    "transaction" : "Bind",
    "sampleCount" : 34135,
    "errorCount" : 0,
    "errorPct" : 0.0,
    "meanResTime" : 916.4410722132648,
    "medianResTime" : 908.0,
    "minResTime" : 6.0,
    "maxResTime" : 9306.0,
    "pct1ResTime" : 1042.0,
    "pct2ResTime" : 1122.0,
    "pct3ResTime" : 1869.9900000000016,
    "throughput" : 56.80513351328143,
    "receivedKBytesPerSec" : 11.871385324064676,
    "sentKBytesPerSec" : 0.0
  },
  "Search (No-Index, RDN-Base)" : {
    "transaction" : "Search (No-Index, RDN-Base)",
    "sampleCount" : 1660949,
    "errorCount" : 0,
    "errorPct" : 0.0,
    "meanResTime" : 337.9381335609745,
    "medianResTime" : 328.0,
    "minResTime" : 0.0,
    "maxResTime" : 943.0,
    "pct1ResTime" : 369.0,
    "pct2ResTime" : 406.0,
    "pct3ResTime" : 458.0,
    "throughput" : 2764.378203847946,
    "receivedKBytesPerSec" : 1098.842777338289,
    "sentKBytesPerSec" : 0.0
  },
  "Total" : {
    "transaction" : "Total",
    "sampleCount" : 3485575,
    "errorCount" : 64295,
    "errorPct" : 1.8446023,
    "meanResTime" : 340.96087790396695,
    "medianResTime" : 327.0,
    "minResTime" : 0.0,
    "maxResTime" : 9306.0,
    "pct1ResTime" : 399.0,
    "pct2ResTime" : 424.0,
    "pct3ResTime" : 464.0,
    "throughput" : 5800.388070977716,
    "receivedKBytesPerSec" : 2211.51262142039,
    "sentKBytesPerSec" : 0.0
  },
  "Search" : {
    "transaction" : "Search",
    "sampleCount" : 1661918,
    "errorCount" : 0,
    "errorPct" : 0.0,
    "meanResTime" : 337.7582251350666,
    "medianResTime" : 328.0,
    "minResTime" : 1.0,
    "maxResTime" : 943.0,
    "pct1ResTime" : 371.0,
    "pct2ResTime" : 410.0,
    "pct3ResTime" : 461.0,
    "throughput" : 2765.967928500695,
    "receivedKBytesPerSec" : 1031.8898833361766,
    "sentKBytesPerSec" : 0.0
  },
  "Compare" : {
    "transaction" : "Compare",
    "sampleCount" : 32141,
    "errorCount" : 32141,
    "errorPct" : 100.0,
    "meanResTime" : 345.00214679070297,
    "medianResTime" : 335.0,
    "minResTime" : 20.0,
    "maxResTime" : 893.0,
    "pct1ResTime" : 378.0,
    "pct2ResTime" : 403.0,
    "pct3ResTime" : 482.0,
    "throughput" : 53.63421402622889,
    "receivedKBytesPerSec" : 22.69073474157006,
    "sentKBytesPerSec" : 0.0
  },
  "Unbind" : {
    "transaction" : "Unbind",
    "sampleCount" : 32135,
    "errorCount" : 0,
    "errorPct" : 0.0,
    "meanResTime" : 0.11333437062393027,
    "medianResTime" : 0.0,
    "minResTime" : 0.0,
    "maxResTime" : 214.0,
    "pct1ResTime" : 0.0,
    "pct2ResTime" : 1.0,
    "pct3ResTime" : 1.0,
    "throughput" : 53.65634559128007,
    "receivedKBytesPerSec" : 10.479754998296889,
    "sentKBytesPerSec" : 0.0
  }
}