{
  "Bind" : {
    "transaction" : "Bind",
    "sampleCount" : 6328,
    "errorCount" : 3746,
    "errorPct" : 59.19722,
    "meanResTime" : 277126.6118836905,
    "medianResTime" : 130975.0,
    "minResTime" : 1.0,
    "maxResTime" : 602283.0,
    "pct1ResTime" : 600343.2,
    "pct2ResTime" : 601324.1,
    "pct3ResTime" : 602104.13,
    "throughput" : 9.512027574057178,
    "receivedKBytesPerSec" : 2.6903936276893496,
    "sentKBytesPerSec" : 0.0
  },
  "Total" : {
    "transaction" : "Total",
    "sampleCount" : 348258,
    "errorCount" : 322746,
    "errorPct" : 92.6744,
    "meanResTime" : 5230.914253226037,
    "medianResTime" : 0.0,
    "minResTime" : 0.0,
    "maxResTime" : 602283.0,
    "pct1ResTime" : 238378.20000000426,
    "pct2ResTime" : 599187.9,
    "pct3ResTime" : 601691.98,
    "throughput" : 523.489206524337,
    "receivedKBytesPerSec" : 179.43321117691423,
    "sentKBytesPerSec" : 0.0
  },
  "Search" : {
    "transaction" : "Search",
    "sampleCount" : 338602,
    "errorCount" : 319000,
    "errorPct" : 94.2109,
    "meanResTime" : 200.973372868439,
    "medianResTime" : 0.0,
    "minResTime" : 0.0,
    "maxResTime" : 5105.0,
    "pct1ResTime" : 3460.0,
    "pct2ResTime" : 3542.0,
    "pct3ResTime" : 3618.0,
    "throughput" : 560.9122970929145,
    "receivedKBytesPerSec" : 193.70154710699512,
    "sentKBytesPerSec" : 0.0
  },
  "Unbind" : {
    "transaction" : "Unbind",
    "sampleCount" : 3328,
    "errorCount" : 0,
    "errorPct" : 0.0,
    "meanResTime" : 0.16526442307692285,
    "medianResTime" : 0.0,
    "minResTime" : 0.0,
    "maxResTime" : 38.0,
    "pct1ResTime" : 0.0,
    "pct2ResTime" : 1.0,
    "pct3ResTime" : 1.0,
    "throughput" : 6.974322004949925,
    "receivedKBytesPerSec" : 1.3621722665917821,
    "sentKBytesPerSec" : 0.0
  }
}