{
  "Bind" : {
    "transaction" : "Bind",
    "sampleCount" : 117733,
    "errorCount" : 49152,
    "errorPct" : 41.748703,
    "meanResTime" : 576.459030178454,
    "medianResTime" : 494.5,
    "minResTime" : 0.0,
    "maxResTime" : 9763.0,
    "pct1ResTime" : 1369.0,
    "pct2ResTime" : 1660.0,
    "pct3ResTime" : 2489.9900000000016,
    "throughput" : 195.83000665335996,
    "receivedKBytesPerSec" : 51.11262338604042,
    "sentKBytesPerSec" : 0.0
  },
  "Total" : {
    "transaction" : "Total",
    "sampleCount" : 12073607,
    "errorCount" : 5016118,
    "errorPct" : 41.546143,
    "meanResTime" : 9.372538960395064,
    "medianResTime" : 4.0,
    "minResTime" : 0.0,
    "maxResTime" : 9763.0,
    "pct1ResTime" : 10.900000000001455,
    "pct2ResTime" : 14.0,
    "pct3ResTime" : 129.9900000000016,
    "throughput" : 20082.112466151706,
    "receivedKBytesPerSec" : 7438.822054385038,
    "sentKBytesPerSec" : 0.0
  },
  "Search" : {
    "transaction" : "Search",
    "sampleCount" : 11837129,
    "errorCount" : 4966966,
    "errorPct" : 41.9609,
    "meanResTime" : 3.8136256688593013,
    "medianResTime" : 4.0,
    "minResTime" : 0.0,
    "maxResTime" : 3898.0,
    "pct1ResTime" : 10.0,
    "pct2ResTime" : 13.0,
    "pct3ResTime" : 23.0,
    "throughput" : 19689.628500996365,
    "receivedKBytesPerSec" : 7349.452237691413,
    "sentKBytesPerSec" : 0.0
  },
  "Unbind" : {
    "transaction" : "Unbind",
    "sampleCount" : 118745,
    "errorCount" : 0,
    "errorPct" : 0.0,
    "meanResTime" : 1.260869931365511,
    "medianResTime" : 0.0,
    "minResTime" : 0.0,
    "maxResTime" : 1024.0,
    "pct1ResTime" : 1.0,
    "pct2ResTime" : 1.0,
    "pct3ResTime" : 4.0,
    "throughput" : 197.6448069241012,
    "receivedKBytesPerSec" : 38.60250135236352,
    "sentKBytesPerSec" : 0.0
  }
}