{
  "Add" : {
    "transaction" : "Add",
    "sampleCount" : 29987,
    "errorCount" : 19997,
    "errorPct" : 66.68556,
    "meanResTime" : 83.14569646846991,
    "medianResTime" : 94.0,
    "minResTime" : 0.0,
    "maxResTime" : 700.0,
    "pct1ResTime" : 223.0,
    "pct2ResTime" : 259.0,
    "pct3ResTime" : 337.0,
    "throughput" : 93.83517277850619,
    "receivedKBytesPerSec" : 33.091393789447416,
    "sentKBytesPerSec" : 0.0
  },
  "Delete" : {
    "transaction" : "Delete",
    "sampleCount" : 29984,
    "errorCount" : 0,
    "errorPct" : 0.0,
    "meanResTime" : 84.61802961579518,
    "medianResTime" : 94.0,
    "minResTime" : 0.0,
    "maxResTime" : 830.0,
    "pct1ResTime" : 221.0,
    "pct2ResTime" : 256.0,
    "pct3ResTime" : 335.0,
    "throughput" : 93.82989576194545,
    "receivedKBytesPerSec" : 14.477659697643926,
    "sentKBytesPerSec" : 0.0
  },
  "Bind" : {
    "transaction" : "Bind",
    "sampleCount" : 29916,
    "errorCount" : 0,
    "errorPct" : 0.0,
    "meanResTime" : 1829.3934015242642,
    "medianResTime" : 1509.0,
    "minResTime" : 0.0,
    "maxResTime" : 10193.0,
    "pct1ResTime" : 6878.800000000003,
    "pct2ResTime" : 8014.950000000001,
    "pct3ResTime" : 9447.980000000003,
    "throughput" : 93.51877033883204,
    "receivedKBytesPerSec" : 20.183250239142463,
    "sentKBytesPerSec" : 0.0
  },
  "Search (No-Index, RDN-Base)" : {
    "transaction" : "Search (No-Index, RDN-Base)",
    "sampleCount" : 1497496,
    "errorCount" : 0,
    "errorPct" : 0.0,
    "meanResTime" : 50.23641599042964,
    "medianResTime" : 8.0,
    "minResTime" : 0.0,
    "maxResTime" : 1442.0,
    "pct1ResTime" : 31.0,
    "pct2ResTime" : 40.0,
    "pct3ResTime" : 63.0,
    "throughput" : 4681.474441738544,
    "receivedKBytesPerSec" : 1824.3735061396646,
    "sentKBytesPerSec" : 0.0
  },
  "Total" : {
    "transaction" : "Total",
    "sampleCount" : 3144800,
    "errorCount" : 49981,
    "errorPct" : 1.5893221,
    "meanResTime" : 67.19255278554742,
    "medianResTime" : 3.0,
    "minResTime" : 0.0,
    "maxResTime" : 10193.0,
    "pct1ResTime" : 18.0,
    "pct2ResTime" : 26.0,
    "pct3ResTime" : 53.0,
    "throughput" : 9829.25083530504,
    "receivedKBytesPerSec" : 3588.7074514054066,
    "sentKBytesPerSec" : 0.0
  },
  "Search" : {
    "transaction" : "Search",
    "sampleCount" : 1497450,
    "errorCount" : 0,
    "errorPct" : 0.0,
    "meanResTime" : 49.59031286520113,
    "medianResTime" : 8.0,
    "minResTime" : 0.0,
    "maxResTime" : 1551.0,
    "pct1ResTime" : 30.0,
    "pct2ResTime" : 40.0,
    "pct3ResTime" : 65.0,
    "throughput" : 4681.111125004689,
    "receivedKBytesPerSec" : 1651.936672914218,
    "sentKBytesPerSec" : 0.0
  },
  "Compare" : {
    "transaction" : "Compare",
    "sampleCount" : 29984,
    "errorCount" : 29984,
    "errorPct" : 100.0,
    "meanResTime" : 68.45610992529376,
    "medianResTime" : 75.0,
    "minResTime" : 0.0,
    "maxResTime" : 690.0,
    "pct1ResTime" : 194.0,
    "pct2ResTime" : 229.0,
    "pct3ResTime" : 302.0,
    "throughput" : 93.83224482004326,
    "receivedKBytesPerSec" : 27.073642755101723,
    "sentKBytesPerSec" : 0.0
  },
  "Unbind" : {
    "transaction" : "Unbind",
    "sampleCount" : 29983,
    "errorCount" : 0,
    "errorPct" : 0.0,
    "meanResTime" : 0.27001967781742964,
    "medianResTime" : 0.0,
    "minResTime" : 0.0,
    "maxResTime" : 140.0,
    "pct1ResTime" : 0.0,
    "pct2ResTime" : 1.0,
    "pct3ResTime" : 1.0,
    "throughput" : 93.82970267284625,
    "receivedKBytesPerSec" : 18.32611380329028,
    "sentKBytesPerSec" : 0.0
  }
}