{
  "Add" : {
    "transaction" : "Add",
    "sampleCount" : 7225,
    "errorCount" : 7225,
    "errorPct" : 100.0,
    "meanResTime" : 0.6297577854671268,
    "medianResTime" : 0.0,
    "minResTime" : 0.0,
    "maxResTime" : 227.0,
    "pct1ResTime" : 1.0,
    "pct2ResTime" : 1.0,
    "pct3ResTime" : 13.0,
    "throughput" : 17.041018734506824,
    "receivedKBytesPerSec" : 6.602570164478262,
    "sentKBytesPerSec" : 0.0
  },
  "Delete" : {
    "transaction" : "Delete",
    "sampleCount" : 7225,
    "errorCount" : 7225,
    "errorPct" : 100.0,
    "meanResTime" : 0.026297577854671378,
    "medianResTime" : 0.0,
    "minResTime" : 0.0,
    "maxResTime" : 77.0,
    "pct1ResTime" : 0.0,
    "pct2ResTime" : 0.0,
    "pct3ResTime" : 1.0,
    "throughput" : 17.041018734506824,
    "receivedKBytesPerSec" : 3.2950407318675308,
    "sentKBytesPerSec" : 0.0
  },
  "Bind" : {
    "transaction" : "Bind",
    "sampleCount" : 9225,
    "errorCount" : 8978,
    "errorPct" : 97.322495,
    "meanResTime" : 135678.22449864465,
    "medianResTime" : 130345.0,
    "minResTime" : 55.0,
    "maxResTime" : 701632.0,
    "pct1ResTime" : 130957.0,
    "pct2ResTime" : 131075.4,
    "pct3ResTime" : 329221.74,
    "throughput" : 13.119365605787596,
    "receivedKBytesPerSec" : 4.273469742885322,
    "sentKBytesPerSec" : 0.0
  },
  "Search (No-Index, RDN-Base)" : {
    "transaction" : "Search (No-Index, RDN-Base)",
    "sampleCount" : 361470,
    "errorCount" : 361250,
    "errorPct" : 99.93914,
    "meanResTime" : 55.94322073754372,
    "medianResTime" : 0.0,
    "minResTime" : 0.0,
    "maxResTime" : 163426.0,
    "pct1ResTime" : 0.0,
    "pct2ResTime" : 0.0,
    "pct3ResTime" : 0.0,
    "throughput" : 556.2334866500578,
    "receivedKBytesPerSec" : 215.63261229847367,
    "sentKBytesPerSec" : 0.0
  },
  "Total" : {
    "transaction" : "Total",
    "sampleCount" : 761147,
    "errorCount" : 753153,
    "errorPct" : 98.949745,
    "meanResTime" : 1712.58805197945,
    "medianResTime" : 0.0,
    "minResTime" : 0.0,
    "maxResTime" : 701632.0,
    "pct1ResTime" : 129801.9,
    "pct2ResTime" : 130630.9,
    "pct3ResTime" : 131034.0,
    "throughput" : 1081.2837658343383,
    "receivedKBytesPerSec" : 396.6942364193513,
    "sentKBytesPerSec" : 0.0
  },
  "Search" : {
    "transaction" : "Search",
    "sampleCount" : 361552,
    "errorCount" : 361250,
    "errorPct" : 99.91647,
    "meanResTime" : 87.60080984201319,
    "medianResTime" : 0.0,
    "minResTime" : 0.0,
    "maxResTime" : 165386.0,
    "pct1ResTime" : 0.0,
    "pct2ResTime" : 0.0,
    "pct3ResTime" : 0.0,
    "throughput" : 513.7440515858411,
    "receivedKBytesPerSec" : 182.11067338481638,
    "sentKBytesPerSec" : 0.0
  },
  "Compare" : {
    "transaction" : "Compare",
    "sampleCount" : 7225,
    "errorCount" : 7225,
    "errorPct" : 100.0,
    "meanResTime" : 0.00788927335640139,
    "medianResTime" : 0.0,
    "minResTime" : 0.0,
    "maxResTime" : 3.0,
    "pct1ResTime" : 0.0,
    "pct2ResTime" : 0.0,
    "pct3ResTime" : 0.0,
    "throughput" : 17.041018734506824,
    "receivedKBytesPerSec" : 5.520655269920303,
    "sentKBytesPerSec" : 0.0
  },
  "Unbind" : {
    "transaction" : "Unbind",
    "sampleCount" : 7225,
    "errorCount" : 0,
    "errorPct" : 0.0,
    "meanResTime" : 0.11017301038062263,
    "medianResTime" : 0.0,
    "minResTime" : 0.0,
    "maxResTime" : 82.0,
    "pct1ResTime" : 0.0,
    "pct2ResTime" : 0.0,
    "pct3ResTime" : 1.0,
    "throughput" : 17.041018734506824,
    "receivedKBytesPerSec" : 3.3283239715833646,
    "sentKBytesPerSec" : 0.0
  }
}