{
  "Bind" : {
    "transaction" : "Bind",
    "sampleCount" : 52000,
    "errorCount" : 0,
    "errorPct" : 0.0,
    "meanResTime" : 522.674634615385,
    "medianResTime" : 517.0,
    "minResTime" : 50.0,
    "maxResTime" : 816.0,
    "pct1ResTime" : 566.0,
    "pct2ResTime" : 587.0,
    "pct3ResTime" : 617.0,
    "throughput" : 89.09311772798843,
    "receivedKBytesPerSec" : 18.619069525185083,
    "sentKBytesPerSec" : 0.0
  },
  "Total" : {
    "transaction" : "Total",
    "sampleCount" : 5112123,
    "errorCount" : 0,
    "errorPct" : 0.0,
    "meanResTime" : 465.53724450681074,
    "medianResTime" : 414.0,
    "minResTime" : 0.0,
    "maxResTime" : 816.0,
    "pct1ResTime" : 488.0,
    "pct2ResTime" : 503.0,
    "pct3ResTime" : 516.0,
    "throughput" : 8509.143113951863,
    "receivedKBytesPerSec" : 3178.497312218075,
    "sentKBytesPerSec" : 0.0
  },
  "Search" : {
    "transaction" : "Search",
    "sampleCount" : 5012123,
    "errorCount" : 0,
    "errorPct" : 0.0,
    "meanResTime" : 469.40204081181554,
    "medianResTime" : 414.0,
    "minResTime" : 45.0,
    "maxResTime" : 816.0,
    "pct1ResTime" : 488.0,
    "pct2ResTime" : 503.0,
    "pct3ResTime" : 516.0,
    "throughput" : 8346.193682892388,
    "receivedKBytesPerSec" : 3146.1237906215447,
    "sentKBytesPerSec" : 0.0
  },
  "Unbind" : {
    "transaction" : "Unbind",
    "sampleCount" : 48000,
    "errorCount" : 0,
    "errorPct" : 0.0,
    "meanResTime" : 0.07935416666666599,
    "medianResTime" : 0.0,
    "minResTime" : 0.0,
    "maxResTime" : 20.0,
    "pct1ResTime" : 0.0,
    "pct2ResTime" : 1.0,
    "pct3ResTime" : 1.0,
    "throughput" : 89.11464599206879,
    "receivedKBytesPerSec" : 17.405204295325937,
    "sentKBytesPerSec" : 0.0
  }
}