{
  "Add" : {
    "transaction" : "Add",
    "sampleCount" : 7081,
    "errorCount" : 7081,
    "errorPct" : 100.0,
    "meanResTime" : 0.3735348114673084,
    "medianResTime" : 0.0,
    "minResTime" : 0.0,
    "maxResTime" : 90.0,
    "pct1ResTime" : 1.0,
    "pct2ResTime" : 1.0,
    "pct3ResTime" : 9.0,
    "throughput" : 12.712929449615075,
    "receivedKBytesPerSec" : 4.989497787333571,
    "sentKBytesPerSec" : 0.0
  },
  "Delete" : {
    "transaction" : "Delete",
    "sampleCount" : 7081,
    "errorCount" : 7081,
    "errorPct" : 100.0,
    "meanResTime" : 0.027397260273972678,
    "medianResTime" : 0.0,
    "minResTime" : 0.0,
    "maxResTime" : 73.0,
    "pct1ResTime" : 0.0,
    "pct2ResTime" : 0.0,
    "pct3ResTime" : 1.0,
    "throughput" : 12.712929449615075,
    "receivedKBytesPerSec" : 2.458164092796665,
    "sentKBytesPerSec" : 0.0
  },
  "Bind" : {
    "transaction" : "Bind",
    "sampleCount" : 9052,
    "errorCount" : 8208,
    "errorPct" : 90.676094,
    "meanResTime" : 107369.14151568712,
    "medianResTime" : 130120.5,
    "minResTime" : 2.0,
    "maxResTime" : 181830.0,
    "pct1ResTime" : 130901.0,
    "pct2ResTime" : 131012.35,
    "pct3ResTime" : 158501.41,
    "throughput" : 13.074557621505134,
    "receivedKBytesPerSec" : 4.091392010411837,
    "sentKBytesPerSec" : 0.0
  },
  "Search (No-Index, RDN-Base)" : {
    "transaction" : "Search (No-Index, RDN-Base)",
    "sampleCount" : 357461,
    "errorCount" : 353722,
    "errorPct" : 98.95401,
    "meanResTime" : 384.7790192496531,
    "medianResTime" : 0.0,
    "minResTime" : 0.0,
    "maxResTime" : 50865.0,
    "pct1ResTime" : 0.0,
    "pct2ResTime" : 0.0,
    "pct3ResTime" : 48186.83000000003,
    "throughput" : 556.5388381937838,
    "receivedKBytesPerSec" : 218.56079142424096,
    "sentKBytesPerSec" : 0.0
  },
  "Total" : {
    "transaction" : "Total",
    "sampleCount" : 752672,
    "errorCount" : 736880,
    "errorPct" : 97.90188,
    "meanResTime" : 1675.5397384252642,
    "medianResTime" : 0.0,
    "minResTime" : 0.0,
    "maxResTime" : 181830.0,
    "pct1ResTime" : 47141.20000000001,
    "pct2ResTime" : 130069.95,
    "pct3ResTime" : 130889.0,
    "throughput" : 1087.146866338214,
    "receivedKBytesPerSec" : 401.4488191354066,
    "sentKBytesPerSec" : 0.0
  },
  "Search" : {
    "transaction" : "Search",
    "sampleCount" : 357835,
    "errorCount" : 353707,
    "errorPct" : 98.8464,
    "meanResTime" : 423.8812553271758,
    "medianResTime" : 0.0,
    "minResTime" : 0.0,
    "maxResTime" : 51517.0,
    "pct1ResTime" : 0.0,
    "pct2ResTime" : 0.0,
    "pct3ResTime" : 48602.85000000002,
    "throughput" : 554.7932674716429,
    "receivedKBytesPerSec" : 196.69198757137727,
    "sentKBytesPerSec" : 0.0
  },
  "Compare" : {
    "transaction" : "Compare",
    "sampleCount" : 7081,
    "errorCount" : 7081,
    "errorPct" : 100.0,
    "meanResTime" : 0.0066374805818387155,
    "medianResTime" : 0.0,
    "minResTime" : 0.0,
    "maxResTime" : 4.0,
    "pct1ResTime" : 0.0,
    "pct2ResTime" : 0.0,
    "pct3ResTime" : 0.0,
    "throughput" : 12.71295227391466,
    "receivedKBytesPerSec" : 4.18303893431402,
    "sentKBytesPerSec" : 0.0
  },
  "Unbind" : {
    "transaction" : "Unbind",
    "sampleCount" : 7081,
    "errorCount" : 0,
    "errorPct" : 0.0,
    "meanResTime" : 0.06340912300522542,
    "medianResTime" : 0.0,
    "minResTime" : 0.0,
    "maxResTime" : 32.0,
    "pct1ResTime" : 0.0,
    "pct2ResTime" : 0.0,
    "pct3ResTime" : 1.0,
    "throughput" : 12.71295227391466,
    "receivedKBytesPerSec" : 2.482998490998957,
    "sentKBytesPerSec" : 0.0
  }
}