{
  "Add" : {
    "transaction" : "Add",
    "sampleCount" : 30565,
    "errorCount" : 30565,
    "errorPct" : 100.0,
    "meanResTime" : 379.0985113692151,
    "medianResTime" : 350.0,
    "minResTime" : 40.0,
    "maxResTime" : 1391.0,
    "pct1ResTime" : 497.90000000000146,
    "pct2ResTime" : 666.0,
    "pct3ResTime" : 769.0,
    "throughput" : 50.923588792645276,
    "receivedKBytesPerSec" : 26.448231320589525,
    "sentKBytesPerSec" : 0.0
  },
  "Delete" : {
    "transaction" : "Delete",
    "sampleCount" : 30547,
    "errorCount" : 0,
    "errorPct" : 0.0,
    "meanResTime" : 361.73329623203716,
    "medianResTime" : 350.0,
    "minResTime" : 51.0,
    "maxResTime" : 977.0,
    "pct1ResTime" : 422.0,
    "pct2ResTime" : 461.0,
    "pct3ResTime" : 589.0,
    "throughput" : 50.89521054858929,
    "receivedKBytesPerSec" : 7.852971940114363,
    "sentKBytesPerSec" : 0.0
  },
  "Bind" : {
    "transaction" : "Bind",
    "sampleCount" : 32494,
    "errorCount" : 0,
    "errorPct" : 0.0,
    "meanResTime" : 895.3563734843339,
    "medianResTime" : 902.0,
    "minResTime" : 15.0,
    "maxResTime" : 4063.0,
    "pct1ResTime" : 1108.9000000000015,
    "pct2ResTime" : 1189.0,
    "pct3ResTime" : 1467.9800000000032,
    "throughput" : 54.02313947360108,
    "receivedKBytesPerSec" : 11.289992038428352,
    "sentKBytesPerSec" : 0.0
  },
  "Search (No-Index, RDN-Base)" : {
    "transaction" : "Search (No-Index, RDN-Base)",
    "sampleCount" : 1578980,
    "errorCount" : 0,
    "errorPct" : 0.0,
    "meanResTime" : 352.3374330263929,
    "medianResTime" : 328.0,
    "minResTime" : 1.0,
    "maxResTime" : 929.0,
    "pct1ResTime" : 369.0,
    "pct2ResTime" : 385.0,
    "pct3ResTime" : 452.0,
    "throughput" : 2625.43730130226,
    "receivedKBytesPerSec" : 1040.7506448843228,
    "sentKBytesPerSec" : 0.0
  },
  "Total" : {
    "transaction" : "Total",
    "sampleCount" : 3313510,
    "errorCount" : 61090,
    "errorPct" : 1.8436643,
    "meanResTime" : 354.65976894594587,
    "medianResTime" : 332.0,
    "minResTime" : 0.0,
    "maxResTime" : 4063.0,
    "pct1ResTime" : 373.0,
    "pct2ResTime" : 390.0,
    "pct3ResTime" : 648.9900000000016,
    "throughput" : 5507.719260918997,
    "receivedKBytesPerSec" : 2096.9104282535923,
    "sentKBytesPerSec" : 0.0
  },
  "Search" : {
    "transaction" : "Search",
    "sampleCount" : 1579895,
    "errorCount" : 0,
    "errorPct" : 0.0,
    "meanResTime" : 352.0626687216386,
    "medianResTime" : 328.0,
    "minResTime" : 1.0,
    "maxResTime" : 929.0,
    "pct1ResTime" : 369.0,
    "pct2ResTime" : 386.0,
    "pct3ResTime" : 466.0,
    "throughput" : 2626.906296348025,
    "receivedKBytesPerSec" : 980.0503317728806,
    "sentKBytesPerSec" : 0.0
  },
  "Compare" : {
    "transaction" : "Compare",
    "sampleCount" : 30525,
    "errorCount" : 30525,
    "errorPct" : 100.0,
    "meanResTime" : 356.39184275184175,
    "medianResTime" : 345.0,
    "minResTime" : 29.0,
    "maxResTime" : 904.0,
    "pct1ResTime" : 415.0,
    "pct2ResTime" : 454.0,
    "pct3ResTime" : 591.9900000000016,
    "throughput" : 50.867030831836345,
    "receivedKBytesPerSec" : 21.390392328118594,
    "sentKBytesPerSec" : 0.0
  },
  "Unbind" : {
    "transaction" : "Unbind",
    "sampleCount" : 30504,
    "errorCount" : 0,
    "errorPct" : 0.0,
    "meanResTime" : 0.1080841856805673,
    "medianResTime" : 0.0,
    "minResTime" : 0.0,
    "maxResTime" : 90.0,
    "pct1ResTime" : 0.0,
    "pct2ResTime" : 1.0,
    "pct3ResTime" : 1.0,
    "throughput" : 50.84822046230807,
    "receivedKBytesPerSec" : 9.931293059044545,
    "sentKBytesPerSec" : 0.0
  }
}