{
  "Add" : {
    "transaction" : "Add",
    "sampleCount" : 28744,
    "errorCount" : 28744,
    "errorPct" : 100.0,
    "meanResTime" : 414.6557542443609,
    "medianResTime" : 500.0,
    "minResTime" : 0.0,
    "maxResTime" : 1589.0,
    "pct1ResTime" : 647.0,
    "pct2ResTime" : 724.0,
    "pct3ResTime" : 1248.0,
    "throughput" : 47.86478497980933,
    "receivedKBytesPerSec" : 25.088176426356107,
    "sentKBytesPerSec" : 0.0
  },
  "Delete" : {
    "transaction" : "Delete",
    "sampleCount" : 28719,
    "errorCount" : 23,
    "errorPct" : 0.08008635,
    "meanResTime" : 368.9068909084568,
    "medianResTime" : 335.0,
    "minResTime" : 0.0,
    "maxResTime" : 1053.0,
    "pct1ResTime" : 625.0,
    "pct2ResTime" : 652.0,
    "pct3ResTime" : 716.0,
    "throughput" : 47.844905139841266,
    "receivedKBytesPerSec" : 7.383816114940059,
    "sentKBytesPerSec" : 0.0
  },
  "Bind" : {
    "transaction" : "Bind",
    "sampleCount" : 30676,
    "errorCount" : 24,
    "errorPct" : 0.07823706,
    "meanResTime" : 2574.117518581284,
    "medianResTime" : 1876.0,
    "minResTime" : 12.0,
    "maxResTime" : 130781.0,
    "pct1ResTime" : 4854.9000000000015,
    "pct2ResTime" : 8750.900000000001,
    "pct3ResTime" : 18046.780000000035,
    "throughput" : 49.777045051828104,
    "receivedKBytesPerSec" : 10.407367474966248,
    "sentKBytesPerSec" : 0.0
  },
  "Search (No-Index, RDN-Base)" : {
    "transaction" : "Search (No-Index, RDN-Base)",
    "sampleCount" : 1482352,
    "errorCount" : 1150,
    "errorPct" : 0.07757942,
    "meanResTime" : 364.75017607153643,
    "medianResTime" : 580.0,
    "minResTime" : 0.0,
    "maxResTime" : 1111.0,
    "pct1ResTime" : 612.0,
    "pct2ResTime" : 621.0,
    "pct3ResTime" : 636.0,
    "throughput" : 2451.7085111309584,
    "receivedKBytesPerSec" : 979.3502853548509,
    "sentKBytesPerSec" : 0.0
  },
  "Total" : {
    "transaction" : "Total",
    "sampleCount" : 3111103,
    "errorCount" : 59787,
    "errorPct" : 1.92173,
    "meanResTime" : 383.6630153356987,
    "medianResTime" : 538.0,
    "minResTime" : 0.0,
    "maxResTime" : 130781.0,
    "pct1ResTime" : 610.0,
    "pct2ResTime" : 625.0,
    "pct3ResTime" : 1766.9100000000144,
    "throughput" : 5048.295546742651,
    "receivedKBytesPerSec" : 1931.0145181611326,
    "sentKBytesPerSec" : 0.0
  },
  "Search" : {
    "transaction" : "Search",
    "sampleCount" : 1483240,
    "errorCount" : 1150,
    "errorPct" : 0.07753297,
    "meanResTime" : 364.64996224483167,
    "medianResTime" : 580.0,
    "minResTime" : 0.0,
    "maxResTime" : 1111.0,
    "pct1ResTime" : 613.0,
    "pct2ResTime" : 623.0,
    "pct3ResTime" : 648.0,
    "throughput" : 2453.116342917628,
    "receivedKBytesPerSec" : 916.5401505143599,
    "sentKBytesPerSec" : 0.0
  },
  "Compare" : {
    "transaction" : "Compare",
    "sampleCount" : 28696,
    "errorCount" : 28696,
    "errorPct" : 100.0,
    "meanResTime" : 368.8338095901882,
    "medianResTime" : 336.5,
    "minResTime" : 0.0,
    "maxResTime" : 914.0,
    "pct1ResTime" : 626.0,
    "pct2ResTime" : 650.0,
    "pct3ResTime" : 713.0,
    "throughput" : 47.82834065858972,
    "receivedKBytesPerSec" : 20.33853736964127,
    "sentKBytesPerSec" : 0.0
  },
  "Unbind" : {
    "transaction" : "Unbind",
    "sampleCount" : 28676,
    "errorCount" : 0,
    "errorPct" : 0.0,
    "meanResTime" : 0.08400753243130057,
    "medianResTime" : 0.0,
    "minResTime" : 0.0,
    "maxResTime" : 15.0,
    "pct1ResTime" : 0.0,
    "pct2ResTime" : 1.0,
    "pct3ResTime" : 1.0,
    "throughput" : 47.812139441513665,
    "receivedKBytesPerSec" : 9.338308484670637,
    "sentKBytesPerSec" : 0.0
  }
}