{
  "Add" : {
    "transaction" : "Add",
    "sampleCount" : 2000,
    "errorCount" : 1500,
    "errorPct" : 75.0,
    "meanResTime" : 27277.964500000027,
    "medianResTime" : 29504.0,
    "minResTime" : 2108.0,
    "maxResTime" : 48669.0,
    "pct1ResTime" : 44795.60000000001,
    "pct2ResTime" : 46647.0,
    "pct3ResTime" : 48098.96,
    "throughput" : 6.717901864889558,
    "receivedKBytesPerSec" : 2.813528153886978,
    "sentKBytesPerSec" : 0.0
  },
  "Delete" : {
    "transaction" : "Delete",
    "sampleCount" : 2000,
    "errorCount" : 1500,
    "errorPct" : 75.0,
    "meanResTime" : 29336.436000000023,
    "medianResTime" : 31968.5,
    "minResTime" : 6175.0,
    "maxResTime" : 48670.0,
    "pct1ResTime" : 45399.8,
    "pct2ResTime" : 46868.74999999996,
    "pct3ResTime" : 48085.0,
    "throughput" : 6.309924564851827,
    "receivedKBytesPerSec" : 2.549440600539183,
    "sentKBytesPerSec" : 0.0
  },
  "Bind" : {
    "transaction" : "Bind",
    "sampleCount" : 4000,
    "errorCount" : 0,
    "errorPct" : 0.0,
    "meanResTime" : 11611.560499999972,
    "medianResTime" : 1795.5,
    "minResTime" : 37.0,
    "maxResTime" : 48404.0,
    "pct1ResTime" : 37798.6,
    "pct2ResTime" : 43560.95,
    "pct3ResTime" : 47636.829999999994,
    "throughput" : 8.213198198845635,
    "receivedKBytesPerSec" : 1.7164300923368807,
    "sentKBytesPerSec" : 0.0
  },
  "Search (No-Index, RDN-Base)" : {
    "transaction" : "Search (No-Index, RDN-Base)",
    "sampleCount" : 166283,
    "errorCount" : 0,
    "errorPct" : 0.0,
    "meanResTime" : 2965.864742637552,
    "medianResTime" : 1912.0,
    "minResTime" : 158.0,
    "maxResTime" : 50128.0,
    "pct1ResTime" : 2027.0,
    "pct2ResTime" : 2049.0,
    "pct3ResTime" : 2085.9900000000016,
    "throughput" : 276.2942543861835,
    "receivedKBytesPerSec" : 107.65220811618423,
    "sentKBytesPerSec" : 0.0
  },
  "Total" : {
    "transaction" : "Total",
    "sampleCount" : 345616,
    "errorCount" : 5000,
    "errorPct" : 1.4466922,
    "meanResTime" : 3449.1251562427365,
    "medianResTime" : 1930.0,
    "minResTime" : 0.0,
    "maxResTime" : 50128.0,
    "pct1ResTime" : 2034.0,
    "pct2ResTime" : 2056.0,
    "pct3ResTime" : 2095.0,
    "throughput" : 573.8917892108025,
    "receivedKBytesPerSec" : 212.5636658323744,
    "sentKBytesPerSec" : 0.0
  },
  "Search" : {
    "transaction" : "Search",
    "sampleCount" : 167333,
    "errorCount" : 0,
    "errorPct" : 0.0,
    "meanResTime" : 2905.7870055518283,
    "medianResTime" : 1902.0,
    "minResTime" : 116.0,
    "maxResTime" : 48672.0,
    "pct1ResTime" : 2014.0,
    "pct2ResTime" : 2033.0,
    "pct3ResTime" : 2063.0,
    "throughput" : 277.9604088351719,
    "receivedKBytesPerSec" : 97.95824152610119,
    "sentKBytesPerSec" : 0.0
  },
  "Compare" : {
    "transaction" : "Compare",
    "sampleCount" : 2000,
    "errorCount" : 2000,
    "errorPct" : 100.0,
    "meanResTime" : 26495.312999999995,
    "medianResTime" : 27505.5,
    "minResTime" : 1541.0,
    "maxResTime" : 48408.0,
    "pct1ResTime" : 44364.2,
    "pct2ResTime" : 46135.95,
    "pct3ResTime" : 48016.98,
    "throughput" : 6.405595928603228,
    "receivedKBytesPerSec" : 4.42171280830934,
    "sentKBytesPerSec" : 0.0
  },
  "Unbind" : {
    "transaction" : "Unbind",
    "sampleCount" : 2000,
    "errorCount" : 0,
    "errorPct" : 0.0,
    "meanResTime" : 0.11350000000000016,
    "medianResTime" : 0.0,
    "minResTime" : 0.0,
    "maxResTime" : 3.0,
    "pct1ResTime" : 1.0,
    "pct2ResTime" : 1.0,
    "pct3ResTime" : 1.0,
    "throughput" : 6.561765902439665,
    "receivedKBytesPerSec" : 1.2815949028202471,
    "sentKBytesPerSec" : 0.0
  }
}