{
  "Add" : {
    "transaction" : "Add",
    "sampleCount" : 2000,
    "errorCount" : 1500,
    "errorPct" : 75.0,
    "meanResTime" : 30530.090999999986,
    "medianResTime" : 31718.0,
    "minResTime" : 2482.0,
    "maxResTime" : 56028.0,
    "pct1ResTime" : 50302.800000000025,
    "pct2ResTime" : 53610.95,
    "pct3ResTime" : 55302.99,
    "throughput" : 6.448991700147682,
    "receivedKBytesPerSec" : 2.670147073286342,
    "sentKBytesPerSec" : 0.0
  },
  "Delete" : {
    "transaction" : "Delete",
    "sampleCount" : 2000,
    "errorCount" : 1500,
    "errorPct" : 75.0,
    "meanResTime" : 33419.672999999995,
    "medianResTime" : 35360.5,
    "minResTime" : 7109.0,
    "maxResTime" : 56024.0,
    "pct1ResTime" : 51882.9,
    "pct2ResTime" : 53983.95,
    "pct3ResTime" : 55414.99,
    "throughput" : 6.043336767963063,
    "receivedKBytesPerSec" : 2.397803044066501,
    "sentKBytesPerSec" : 0.0
  },
  "Bind" : {
    "transaction" : "Bind",
    "sampleCount" : 4000,
    "errorCount" : 0,
    "errorPct" : 0.0,
    "meanResTime" : 12914.702749999986,
    "medianResTime" : 2054.0,
    "minResTime" : 64.0,
    "maxResTime" : 56029.0,
    "pct1ResTime" : 42766.100000000006,
    "pct2ResTime" : 50017.9,
    "pct3ResTime" : 54539.99,
    "throughput" : 7.430248541813723,
    "receivedKBytesPerSec" : 1.5528058476056024,
    "sentKBytesPerSec" : 0.0
  },
  "Search (No-Index, RDN-Base)" : {
    "transaction" : "Search (No-Index, RDN-Base)",
    "sampleCount" : 128463,
    "errorCount" : 0,
    "errorPct" : 0.0,
    "meanResTime" : 3738.825202587523,
    "medianResTime" : 2549.0,
    "minResTime" : 196.0,
    "maxResTime" : 57213.0,
    "pct1ResTime" : 2736.0,
    "pct2ResTime" : 2800.0,
    "pct3ResTime" : 2874.0,
    "throughput" : 213.23854072950246,
    "receivedKBytesPerSec" : 82.06574849299845,
    "sentKBytesPerSec" : 0.0
  },
  "Total" : {
    "transaction" : "Total",
    "sampleCount" : 269874,
    "errorCount" : 5000,
    "errorPct" : 1.8527164,
    "meanResTime" : 4419.875293655724,
    "medianResTime" : 2621.0,
    "minResTime" : 0.0,
    "maxResTime" : 57213.0,
    "pct1ResTime" : 2796.0,
    "pct2ResTime" : 2838.0,
    "pct3ResTime" : 2878.0,
    "throughput" : 447.6272145085661,
    "receivedKBytesPerSec" : 164.65372056772776,
    "sentKBytesPerSec" : 0.0
  },
  "Search" : {
    "transaction" : "Search",
    "sampleCount" : 129411,
    "errorCount" : 0,
    "errorPct" : 0.0,
    "meanResTime" : 3658.24191915682,
    "medianResTime" : 2537.0,
    "minResTime" : 160.0,
    "maxResTime" : 56318.0,
    "pct1ResTime" : 2731.0,
    "pct2ResTime" : 2793.0,
    "pct3ResTime" : 2859.0,
    "throughput" : 214.78683305975514,
    "receivedKBytesPerSec" : 75.73417406939149,
    "sentKBytesPerSec" : 0.0
  },
  "Compare" : {
    "transaction" : "Compare",
    "sampleCount" : 2000,
    "errorCount" : 2000,
    "errorPct" : 100.0,
    "meanResTime" : 29766.732000000015,
    "medianResTime" : 30490.0,
    "minResTime" : 1975.0,
    "maxResTime" : 56028.0,
    "pct1ResTime" : 49285.7,
    "pct2ResTime" : 52216.7,
    "pct3ResTime" : 55304.93,
    "throughput" : 6.1439968542736105,
    "receivedKBytesPerSec" : 4.1513018745334405,
    "sentKBytesPerSec" : 0.0
  },
  "Unbind" : {
    "transaction" : "Unbind",
    "sampleCount" : 2000,
    "errorCount" : 0,
    "errorPct" : 0.0,
    "meanResTime" : 0.08750000000000001,
    "medianResTime" : 0.0,
    "minResTime" : 0.0,
    "maxResTime" : 2.0,
    "pct1ResTime" : 0.0,
    "pct2ResTime" : 1.0,
    "pct3ResTime" : 1.0,
    "throughput" : 6.332881587780071,
    "receivedKBytesPerSec" : 1.2368909351132953,
    "sentKBytesPerSec" : 0.0
  }
}