{
  "Add" : {
    "transaction" : "Add",
    "sampleCount" : 31649,
    "errorCount" : 31649,
    "errorPct" : 100.0,
    "meanResTime" : 385.692407343045,
    "medianResTime" : 350.0,
    "minResTime" : 18.0,
    "maxResTime" : 3243.0,
    "pct1ResTime" : 631.9000000000015,
    "pct2ResTime" : 717.0,
    "pct3ResTime" : 812.9900000000016,
    "throughput" : 52.78422660742638,
    "receivedKBytesPerSec" : 27.49053275498172,
    "sentKBytesPerSec" : 0.0
  },
  "Delete" : {
    "transaction" : "Delete",
    "sampleCount" : 31630,
    "errorCount" : 0,
    "errorPct" : 0.0,
    "meanResTime" : 357.87315839392846,
    "medianResTime" : 352.0,
    "minResTime" : 12.0,
    "maxResTime" : 2102.0,
    "pct1ResTime" : 406.0,
    "pct2ResTime" : 433.0,
    "pct3ResTime" : 558.9900000000016,
    "throughput" : 52.76028183298193,
    "receivedKBytesPerSec" : 8.140746610948383,
    "sentKBytesPerSec" : 0.0
  },
  "Bind" : {
    "transaction" : "Bind",
    "sampleCount" : 33591,
    "errorCount" : 0,
    "errorPct" : 0.0,
    "meanResTime" : 929.5826858384668,
    "medianResTime" : 886.0,
    "minResTime" : 4.0,
    "maxResTime" : 9975.0,
    "pct1ResTime" : 1073.0,
    "pct2ResTime" : 1165.0,
    "pct3ResTime" : 1509.9900000000016,
    "throughput" : 55.88896412997,
    "receivedKBytesPerSec" : 11.6799202380992,
    "sentKBytesPerSec" : 0.0
  },
  "Search (No-Index, RDN-Base)" : {
    "transaction" : "Search (No-Index, RDN-Base)",
    "sampleCount" : 1618785,
    "errorCount" : 0,
    "errorPct" : 0.0,
    "meanResTime" : 347.0039931182826,
    "medianResTime" : 332.0,
    "minResTime" : 1.0,
    "maxResTime" : 4950.0,
    "pct1ResTime" : 366.0,
    "pct2ResTime" : 402.0,
    "pct3ResTime" : 456.0,
    "throughput" : 2693.6830649831268,
    "receivedKBytesPerSec" : 1071.1282477679315,
    "sentKBytesPerSec" : 0.0
  },
  "Total" : {
    "transaction" : "Total",
    "sampleCount" : 3398627,
    "errorCount" : 63259,
    "errorPct" : 1.8613105,
    "meanResTime" : 349.9320852214581,
    "medianResTime" : 329.0,
    "minResTime" : 0.0,
    "maxResTime" : 9975.0,
    "pct1ResTime" : 356.0,
    "pct2ResTime" : 385.0,
    "pct3ResTime" : 772.0,
    "throughput" : 5654.661739577493,
    "receivedKBytesPerSec" : 2156.1587635454744,
    "sentKBytesPerSec" : 0.0
  },
  "Search" : {
    "transaction" : "Search",
    "sampleCount" : 1619771,
    "errorCount" : 0,
    "errorPct" : 0.0,
    "meanResTime" : 346.7795206853107,
    "medianResTime" : 332.0,
    "minResTime" : 1.0,
    "maxResTime" : 7655.0,
    "pct1ResTime" : 367.0,
    "pct2ResTime" : 404.0,
    "pct3ResTime" : 460.9900000000016,
    "throughput" : 2695.3148140136245,
    "receivedKBytesPerSec" : 1005.5427077604634,
    "sentKBytesPerSec" : 0.0
  },
  "Compare" : {
    "transaction" : "Compare",
    "sampleCount" : 31610,
    "errorCount" : 31610,
    "errorPct" : 100.0,
    "meanResTime" : 351.3238532110121,
    "medianResTime" : 346.0,
    "minResTime" : 10.0,
    "maxResTime" : 4290.0,
    "pct1ResTime" : 396.0,
    "pct2ResTime" : 420.0,
    "pct3ResTime" : 522.9900000000016,
    "throughput" : 52.73562949925343,
    "receivedKBytesPerSec" : 22.313379061840493,
    "sentKBytesPerSec" : 0.0
  },
  "Unbind" : {
    "transaction" : "Unbind",
    "sampleCount" : 31591,
    "errorCount" : 0,
    "errorPct" : 0.0,
    "meanResTime" : 0.09803425026115072,
    "medianResTime" : 0.0,
    "minResTime" : 0.0,
    "maxResTime" : 78.0,
    "pct1ResTime" : 0.0,
    "pct2ResTime" : 1.0,
    "pct3ResTime" : 1.0,
    "throughput" : 52.71008701310619,
    "receivedKBytesPerSec" : 10.294938869747302,
    "sentKBytesPerSec" : 0.0
  }
}