{
  "Bind" : {
    "transaction" : "Bind",
    "sampleCount" : 19416,
    "errorCount" : 5878,
    "errorPct" : 30.274,
    "meanResTime" : 50547.57174495255,
    "medianResTime" : 16808.5,
    "minResTime" : 11.0,
    "maxResTime" : 131295.0,
    "pct1ResTime" : 130684.3,
    "pct2ResTime" : 130944.0,
    "pct3ResTime" : 131128.0,
    "throughput" : 29.00512250541157,
    "receivedKBytesPerSec" : 7.124862715006297,
    "sentKBytesPerSec" : 0.0
  },
  "Total" : {
    "transaction" : "Total",
    "sampleCount" : 1703798,
    "errorCount" : 515678,
    "errorPct" : 30.266382,
    "meanResTime" : 1424.0546889947525,
    "medianResTime" : 3243.5,
    "minResTime" : 0.0,
    "maxResTime" : 131295.0,
    "pct1ResTime" : 3900.9000000000015,
    "pct2ResTime" : 65465.0,
    "pct3ResTime" : 130892.98000000001,
    "throughput" : 2545.2652304529884,
    "receivedKBytesPerSec" : 995.8910013753942,
    "sentKBytesPerSec" : 0.0
  },
  "Search" : {
    "transaction" : "Search",
    "sampleCount" : 1668966,
    "errorCount" : 509800,
    "errorPct" : 30.545858,
    "meanResTime" : 865.7234185717567,
    "medianResTime" : 0.0,
    "minResTime" : 0.0,
    "maxResTime" : 24859.0,
    "pct1ResTime" : 3770.0,
    "pct2ResTime" : 3824.0,
    "pct3ResTime" : 4020.9900000000016,
    "throughput" : 2761.7438558634885,
    "receivedKBytesPerSec" : 1090.2708631794044,
    "sentKBytesPerSec" : 0.0
  },
  "Unbind" : {
    "transaction" : "Unbind",
    "sampleCount" : 15416,
    "errorCount" : 0,
    "errorPct" : 0.0,
    "meanResTime" : 0.44933834976647813,
    "medianResTime" : 0.0,
    "minResTime" : 0.0,
    "maxResTime" : 163.0,
    "pct1ResTime" : 1.0,
    "pct2ResTime" : 1.0,
    "pct3ResTime" : 6.0,
    "throughput" : 26.1860678432505,
    "receivedKBytesPerSec" : 5.114466375634862,
    "sentKBytesPerSec" : 0.0
  }
}