{
  "Add" : {
    "transaction" : "Add",
    "sampleCount" : 6989,
    "errorCount" : 6989,
    "errorPct" : 100.0,
    "meanResTime" : 0.3079124338245808,
    "medianResTime" : 0.0,
    "minResTime" : 0.0,
    "maxResTime" : 177.0,
    "pct1ResTime" : 0.0,
    "pct2ResTime" : 1.0,
    "pct3ResTime" : 2.0,
    "throughput" : 17.376106051678313,
    "receivedKBytesPerSec" : 6.732072771611983,
    "sentKBytesPerSec" : 0.0
  },
  "Delete" : {
    "transaction" : "Delete",
    "sampleCount" : 6989,
    "errorCount" : 6989,
    "errorPct" : 100.0,
    "meanResTime" : 0.021462297896694786,
    "medianResTime" : 0.0,
    "minResTime" : 0.0,
    "maxResTime" : 52.0,
    "pct1ResTime" : 0.0,
    "pct2ResTime" : 0.0,
    "pct3ResTime" : 0.0,
    "throughput" : 17.376106051678313,
    "receivedKBytesPerSec" : 3.3598330060862365,
    "sentKBytesPerSec" : 0.0
  },
  "Bind" : {
    "transaction" : "Bind",
    "sampleCount" : 8989,
    "errorCount" : 8600,
    "errorPct" : 95.672485,
    "meanResTime" : 135179.48659472683,
    "medianResTime" : 130230.0,
    "minResTime" : 5.0,
    "maxResTime" : 421493.0,
    "pct1ResTime" : 130907.0,
    "pct2ResTime" : 131120.0,
    "pct3ResTime" : 304587.0,
    "throughput" : 12.762483494952649,
    "receivedKBytesPerSec" : 4.1476987105653595,
    "sentKBytesPerSec" : 0.0
  },
  "Search (No-Index, RDN-Base)" : {
    "transaction" : "Search (No-Index, RDN-Base)",
    "sampleCount" : 349856,
    "errorCount" : 349450,
    "errorPct" : 99.88395,
    "meanResTime" : 108.92343421293361,
    "medianResTime" : 0.0,
    "minResTime" : 0.0,
    "maxResTime" : 137548.0,
    "pct1ResTime" : 0.0,
    "pct2ResTime" : 0.0,
    "pct3ResTime" : 1.0,
    "throughput" : 534.5948853356805,
    "receivedKBytesPerSec" : 207.233270965318,
    "sentKBytesPerSec" : 0.0
  },
  "Total" : {
    "transaction" : "Total",
    "sampleCount" : 736797,
    "errorCount" : 728467,
    "errorPct" : 98.86943,
    "meanResTime" : 1775.9861454375846,
    "medianResTime" : 0.0,
    "minResTime" : 0.0,
    "maxResTime" : 421493.0,
    "pct1ResTime" : 125168.9,
    "pct2ResTime" : 130272.0,
    "pct3ResTime" : 130982.96,
    "throughput" : 1042.7385868626857,
    "receivedKBytesPerSec" : 382.53145623687374,
    "sentKBytesPerSec" : 0.0
  },
  "Search" : {
    "transaction" : "Search",
    "sampleCount" : 349996,
    "errorCount" : 349450,
    "errorPct" : 99.844,
    "meanResTime" : 158.00984582681042,
    "medianResTime" : 0.0,
    "minResTime" : 0.0,
    "maxResTime" : 144905.0,
    "pct1ResTime" : 0.0,
    "pct2ResTime" : 0.0,
    "pct3ResTime" : 105879.21000000092,
    "throughput" : 495.37316179072366,
    "receivedKBytesPerSec" : 175.59963505619012,
    "sentKBytesPerSec" : 0.0
  },
  "Compare" : {
    "transaction" : "Compare",
    "sampleCount" : 6989,
    "errorCount" : 6989,
    "errorPct" : 100.0,
    "meanResTime" : 0.0057232794391186195,
    "medianResTime" : 0.0,
    "minResTime" : 0.0,
    "maxResTime" : 12.0,
    "pct1ResTime" : 0.0,
    "pct2ResTime" : 0.0,
    "pct3ResTime" : 0.0,
    "throughput" : 17.376106051678313,
    "receivedKBytesPerSec" : 5.628584995052447,
    "sentKBytesPerSec" : 0.0
  },
  "Unbind" : {
    "transaction" : "Unbind",
    "sampleCount" : 6989,
    "errorCount" : 0,
    "errorPct" : 0.0,
    "meanResTime" : 0.026613249391901562,
    "medianResTime" : 0.0,
    "minResTime" : 0.0,
    "maxResTime" : 27.0,
    "pct1ResTime" : 0.0,
    "pct2ResTime" : 0.0,
    "pct3ResTime" : 1.0,
    "throughput" : 17.376106051678313,
    "receivedKBytesPerSec" : 3.3937707132184207,
    "sentKBytesPerSec" : 0.0
  }
}