{
  "Add" : {
    "transaction" : "Add",
    "sampleCount" : 30000,
    "errorCount" : 20000,
    "errorPct" : 66.666664,
    "meanResTime" : 217.08283333333335,
    "medianResTime" : 182.0,
    "minResTime" : 0.0,
    "maxResTime" : 1128.0,
    "pct1ResTime" : 443.0,
    "pct2ResTime" : 513.0,
    "pct3ResTime" : 646.9900000000016,
    "throughput" : 82.94670950403398,
    "receivedKBytesPerSec" : 29.25125160968458,
    "sentKBytesPerSec" : 0.0
  },
  "Delete" : {
    "transaction" : "Delete",
    "sampleCount" : 30000,
    "errorCount" : 0,
    "errorPct" : 0.0,
    "meanResTime" : 213.07666666666543,
    "medianResTime" : 177.0,
    "minResTime" : 0.0,
    "maxResTime" : 1519.0,
    "pct1ResTime" : 438.0,
    "pct2ResTime" : 508.9500000000007,
    "pct3ResTime" : 632.0,
    "throughput" : 82.95381960862389,
    "receivedKBytesPerSec" : 12.799515134924388,
    "sentKBytesPerSec" : 0.0
  },
  "Bind" : {
    "transaction" : "Bind",
    "sampleCount" : 30000,
    "errorCount" : 0,
    "errorPct" : 0.0,
    "meanResTime" : 5523.551466666651,
    "medianResTime" : 6023.0,
    "minResTime" : 4.0,
    "maxResTime" : 16574.0,
    "pct1ResTime" : 11808.900000000001,
    "pct2ResTime" : 12670.95,
    "pct3ResTime" : 15388.69000000005,
    "throughput" : 82.52050634582694,
    "receivedKBytesPerSec" : 17.809601467214602,
    "sentKBytesPerSec" : 0.0
  },
  "Search (No-Index, RDN-Base)" : {
    "transaction" : "Search (No-Index, RDN-Base)",
    "sampleCount" : 1500000,
    "errorCount" : 0,
    "errorPct" : 0.0,
    "meanResTime" : 97.17152599999848,
    "medianResTime" : 9.0,
    "minResTime" : 0.0,
    "maxResTime" : 2112.0,
    "pct1ResTime" : 32.0,
    "pct2ResTime" : 42.0,
    "pct3ResTime" : 86.9900000000016,
    "throughput" : 4129.342003116277,
    "receivedKBytesPerSec" : 1608.6619411365737,
    "sentKBytesPerSec" : 0.0
  },
  "Total" : {
    "transaction" : "Total",
    "sampleCount" : 3150000,
    "errorCount" : 50000,
    "errorPct" : 1.5873016,
    "meanResTime" : 149.88931746031795,
    "medianResTime" : 4.0,
    "minResTime" : 0.0,
    "maxResTime" : 16574.0,
    "pct1ResTime" : 19.0,
    "pct2ResTime" : 27.0,
    "pct3ResTime" : 87.0,
    "throughput" : 8663.27103112177,
    "receivedKBytesPerSec" : 3161.9331820727357,
    "sentKBytesPerSec" : 0.0
  },
  "Search" : {
    "transaction" : "Search",
    "sampleCount" : 1500000,
    "errorCount" : 0,
    "errorPct" : 0.0,
    "meanResTime" : 95.69011533333129,
    "medianResTime" : 9.0,
    "minResTime" : 0.0,
    "maxResTime" : 2498.0,
    "pct1ResTime" : 32.0,
    "pct2ResTime" : 42.0,
    "pct3ResTime" : 83.0,
    "throughput" : 4128.773699161033,
    "receivedKBytesPerSec" : 1456.4669305010405,
    "sentKBytesPerSec" : 0.0
  },
  "Compare" : {
    "transaction" : "Compare",
    "sampleCount" : 30000,
    "errorCount" : 30000,
    "errorPct" : 100.0,
    "meanResTime" : 141.32356666666678,
    "medianResTime" : 102.0,
    "minResTime" : 0.0,
    "maxResTime" : 1281.0,
    "pct1ResTime" : 322.0,
    "pct2ResTime" : 378.0,
    "pct3ResTime" : 475.0,
    "throughput" : 82.9568016281655,
    "receivedKBytesPerSec" : 23.935751188529007,
    "sentKBytesPerSec" : 0.0
  },
  "Unbind" : {
    "transaction" : "Unbind",
    "sampleCount" : 30000,
    "errorCount" : 0,
    "errorPct" : 0.0,
    "meanResTime" : 0.2617333333333319,
    "medianResTime" : 0.0,
    "minResTime" : 0.0,
    "maxResTime" : 307.0,
    "pct1ResTime" : 1.0,
    "pct2ResTime" : 1.0,
    "pct3ResTime" : 1.0,
    "throughput" : 82.96391346310733,
    "receivedKBytesPerSec" : 16.20388934826315,
    "sentKBytesPerSec" : 0.0
  }
}