{
  "Bind" : {
    "transaction" : "Bind",
    "sampleCount" : 99767,
    "errorCount" : 0,
    "errorPct" : 0.0,
    "meanResTime" : 898.5119728968466,
    "medianResTime" : 234.0,
    "minResTime" : 0.0,
    "maxResTime" : 7781.0,
    "pct1ResTime" : 1395.0,
    "pct2ResTime" : 1724.9500000000007,
    "pct3ResTime" : 2417.0,
    "throughput" : 166.1219018757337,
    "receivedKBytesPerSec" : 35.852480775915176,
    "sentKBytesPerSec" : 0.0
  },
  "Total" : {
    "transaction" : "Total",
    "sampleCount" : 10067366,
    "errorCount" : 0,
    "errorPct" : 0.0,
    "meanResTime" : 51.34626683881481,
    "medianResTime" : 31.0,
    "minResTime" : 0.0,
    "maxResTime" : 7781.0,
    "pct1ResTime" : 80.0,
    "pct2ResTime" : 105.0,
    "pct3ResTime" : 986.900000000016,
    "throughput" : 16763.158026192003,
    "receivedKBytesPerSec" : 6262.550022882098,
    "sentKBytesPerSec" : 0.0
  },
  "Search" : {
    "transaction" : "Search",
    "sampleCount" : 9869708,
    "errorCount" : 0,
    "errorPct" : 0.0,
    "meanResTime" : 43.28153588738832,
    "medianResTime" : 30.0,
    "minResTime" : 0.0,
    "maxResTime" : 5841.0,
    "pct1ResTime" : 75.0,
    "pct2ResTime" : 94.0,
    "pct3ResTime" : 192.0,
    "throughput" : 16435.324170133117,
    "receivedKBytesPerSec" : 6195.346806319711,
    "sentKBytesPerSec" : 0.0
  },
  "Unbind" : {
    "transaction" : "Unbind",
    "sampleCount" : 97891,
    "errorCount" : 0,
    "errorPct" : 0.0,
    "meanResTime" : 1.0593006507237699,
    "medianResTime" : 0.0,
    "minResTime" : 0.0,
    "maxResTime" : 1687.0,
    "pct1ResTime" : 1.0,
    "pct2ResTime" : 1.0,
    "pct3ResTime" : 4.0,
    "throughput" : 163.10898648187057,
    "receivedKBytesPerSec" : 31.857223922240344,
    "sentKBytesPerSec" : 0.0
  }
}