{
  "Bind" : {
    "transaction" : "Bind",
    "sampleCount" : 6541,
    "errorCount" : 5360,
    "errorPct" : 81.94466,
    "meanResTime" : 281636.30973857176,
    "medianResTime" : 130812.0,
    "minResTime" : 34.0,
    "maxResTime" : 620341.0,
    "pct1ResTime" : 618476.8,
    "pct2ResTime" : 619264.9,
    "pct3ResTime" : 620166.74,
    "throughput" : 9.74608912285198,
    "receivedKBytesPerSec" : 3.05174817260829,
    "sentKBytesPerSec" : 0.0
  },
  "Total" : {
    "transaction" : "Total",
    "sampleCount" : 366116,
    "errorCount" : 359460,
    "errorPct" : 98.182,
    "meanResTime" : 5140.514315135118,
    "medianResTime" : 0.0,
    "minResTime" : 0.0,
    "maxResTime" : 620341.0,
    "pct1ResTime" : 615469.6,
    "pct2ResTime" : 617989.9,
    "pct3ResTime" : 619589.98,
    "throughput" : 545.5127909038489,
    "receivedKBytesPerSec" : 191.07246092847853,
    "sentKBytesPerSec" : 0.0
  },
  "Search" : {
    "transaction" : "Search",
    "sampleCount" : 356034,
    "errorCount" : 354100,
    "errorPct" : 99.456795,
    "meanResTime" : 111.88526657566734,
    "medianResTime" : 0.0,
    "minResTime" : 0.0,
    "maxResTime" : 27944.0,
    "pct1ResTime" : 0.0,
    "pct2ResTime" : 0.0,
    "pct3ResTime" : 25509.82000000003,
    "throughput" : 570.1524852110804,
    "receivedKBytesPerSec" : 200.9704599813397,
    "sentKBytesPerSec" : 0.0
  },
  "Unbind" : {
    "transaction" : "Unbind",
    "sampleCount" : 3541,
    "errorCount" : 0,
    "errorPct" : 0.0,
    "meanResTime" : 1.8294267156170623,
    "medianResTime" : 0.0,
    "minResTime" : 0.0,
    "maxResTime" : 151.0,
    "pct1ResTime" : 1.0,
    "pct2ResTime" : 1.0,
    "pct3ResTime" : 66.0,
    "throughput" : 7.887942652585245,
    "receivedKBytesPerSec" : 1.5406137993330555,
    "sentKBytesPerSec" : 0.0
  }
}