{
  "Add" : {
    "transaction" : "Add",
    "sampleCount" : 2000,
    "errorCount" : 1500,
    "errorPct" : 75.0,
    "meanResTime" : 26310.80050000003,
    "medianResTime" : 27379.5,
    "minResTime" : 1966.0,
    "maxResTime" : 41908.0,
    "pct1ResTime" : 39291.9,
    "pct2ResTime" : 40276.85,
    "pct3ResTime" : 41723.24,
    "throughput" : 6.516908118112442,
    "receivedKBytesPerSec" : 2.7293498528807993,
    "sentKBytesPerSec" : 0.0
  },
  "Delete" : {
    "transaction" : "Delete",
    "sampleCount" : 2000,
    "errorCount" : 1500,
    "errorPct" : 75.0,
    "meanResTime" : 26813.90349999998,
    "medianResTime" : 27616.0,
    "minResTime" : 5471.0,
    "maxResTime" : 41901.0,
    "pct1ResTime" : 39182.9,
    "pct2ResTime" : 40963.0,
    "pct3ResTime" : 41722.24,
    "throughput" : 6.347594261774788,
    "receivedKBytesPerSec" : 2.564781414640726,
    "sentKBytesPerSec" : 0.0
  },
  "Bind" : {
    "transaction" : "Bind",
    "sampleCount" : 4000,
    "errorCount" : 0,
    "errorPct" : 0.0,
    "meanResTime" : 10860.447249999976,
    "medianResTime" : 1573.0,
    "minResTime" : 12.0,
    "maxResTime" : 42376.0,
    "pct1ResTime" : 35177.9,
    "pct2ResTime" : 38843.7,
    "pct3ResTime" : 41243.0,
    "throughput" : 8.450406675821274,
    "receivedKBytesPerSec" : 1.7660029576423364,
    "sentKBytesPerSec" : 0.0
  },
  "Search (No-Index, RDN-Base)" : {
    "transaction" : "Search (No-Index, RDN-Base)",
    "sampleCount" : 179699,
    "errorCount" : 0,
    "errorPct" : 0.0,
    "meanResTime" : 2793.070328716344,
    "medianResTime" : 1669.0,
    "minResTime" : 102.0,
    "maxResTime" : 43320.0,
    "pct1ResTime" : 1784.0,
    "pct2ResTime" : 1802.0,
    "pct3ResTime" : 1826.0,
    "throughput" : 298.1393149559923,
    "receivedKBytesPerSec" : 116.16371784708454,
    "sentKBytesPerSec" : 0.0
  },
  "Total" : {
    "transaction" : "Total",
    "sampleCount" : 372478,
    "errorCount" : 5000,
    "errorPct" : 1.3423612,
    "meanResTime" : 3203.026874070387,
    "medianResTime" : 1664.0,
    "minResTime" : 0.0,
    "maxResTime" : 43320.0,
    "pct1ResTime" : 1758.0,
    "pct2ResTime" : 1785.0,
    "pct3ResTime" : 1812.9900000000016,
    "throughput" : 617.6005836462971,
    "receivedKBytesPerSec" : 228.78316463602937,
    "sentKBytesPerSec" : 0.0
  },
  "Search" : {
    "transaction" : "Search",
    "sampleCount" : 180779,
    "errorCount" : 0,
    "errorPct" : 0.0,
    "meanResTime" : 2731.362022137519,
    "medianResTime" : 1656.0,
    "minResTime" : 86.0,
    "maxResTime" : 41909.0,
    "pct1ResTime" : 1772.0,
    "pct2ResTime" : 1788.0,
    "pct3ResTime" : 1809.0,
    "throughput" : 299.88039884744967,
    "receivedKBytesPerSec" : 105.68609147767141,
    "sentKBytesPerSec" : 0.0
  },
  "Compare" : {
    "transaction" : "Compare",
    "sampleCount" : 2000,
    "errorCount" : 2000,
    "errorPct" : 100.0,
    "meanResTime" : 23840.37,
    "medianResTime" : 23343.5,
    "minResTime" : 1264.0,
    "maxResTime" : 41900.0,
    "pct1ResTime" : 38819.8,
    "pct2ResTime" : 39960.35,
    "pct3ResTime" : 41506.99,
    "throughput" : 6.456903398268259,
    "receivedKBytesPerSec" : 4.4570415154675125,
    "sentKBytesPerSec" : 0.0
  },
  "Unbind" : {
    "transaction" : "Unbind",
    "sampleCount" : 2000,
    "errorCount" : 0,
    "errorPct" : 0.0,
    "meanResTime" : 0.13350000000000006,
    "medianResTime" : 0.0,
    "minResTime" : 0.0,
    "maxResTime" : 4.0,
    "pct1ResTime" : 1.0,
    "pct2ResTime" : 1.0,
    "pct3ResTime" : 1.0,
    "throughput" : 6.6384312059374135,
    "receivedKBytesPerSec" : 1.2965685949096508,
    "sentKBytesPerSec" : 0.0
  }
}