{
  "Add" : {
    "transaction" : "Add",
    "sampleCount" : 6557,
    "errorCount" : 6557,
    "errorPct" : 100.0,
    "meanResTime" : 0.28442885465914336,
    "medianResTime" : 0.0,
    "minResTime" : 0.0,
    "maxResTime" : 96.0,
    "pct1ResTime" : 1.0,
    "pct2ResTime" : 1.0,
    "pct3ResTime" : 2.0,
    "throughput" : 16.238478035830152,
    "receivedKBytesPerSec" : 6.372218201762533,
    "sentKBytesPerSec" : 0.0
  },
  "Delete" : {
    "transaction" : "Delete",
    "sampleCount" : 6557,
    "errorCount" : 6557,
    "errorPct" : 100.0,
    "meanResTime" : 0.008082964770474314,
    "medianResTime" : 0.0,
    "minResTime" : 0.0,
    "maxResTime" : 1.0,
    "pct1ResTime" : 0.0,
    "pct2ResTime" : 0.0,
    "pct3ResTime" : 0.0,
    "throughput" : 16.238478035830152,
    "receivedKBytesPerSec" : 3.139861963959346,
    "sentKBytesPerSec" : 0.0
  },
  "Bind" : {
    "transaction" : "Bind",
    "sampleCount" : 8557,
    "errorCount" : 8018,
    "errorPct" : 93.701065,
    "meanResTime" : 129857.82330255925,
    "medianResTime" : 130132.0,
    "minResTime" : 7.0,
    "maxResTime" : 261314.0,
    "pct1ResTime" : 130914.0,
    "pct2ResTime" : 131041.0,
    "pct3ResTime" : 234708.38,
    "throughput" : 12.863007541627772,
    "receivedKBytesPerSec" : 4.138545102921348,
    "sentKBytesPerSec" : 0.0
  },
  "Search (No-Index, RDN-Base)" : {
    "transaction" : "Search (No-Index, RDN-Base)",
    "sampleCount" : 330182,
    "errorCount" : 327850,
    "errorPct" : 99.293724,
    "meanResTime" : 257.91218176641746,
    "medianResTime" : 0.0,
    "minResTime" : 0.0,
    "maxResTime" : 56832.0,
    "pct1ResTime" : 0.0,
    "pct2ResTime" : 0.0,
    "pct3ResTime" : 52243.67000000006,
    "throughput" : 509.5369781668014,
    "receivedKBytesPerSec" : 200.05572520578576,
    "sentKBytesPerSec" : 0.0
  },
  "Total" : {
    "transaction" : "Total",
    "sampleCount" : 695381,
    "errorCount" : 683389,
    "errorPct" : 98.275475,
    "meanResTime" : 1854.678522996805,
    "medianResTime" : 0.0,
    "minResTime" : 0.0,
    "maxResTime" : 261314.0,
    "pct1ResTime" : 53618.8,
    "pct2ResTime" : 130201.95,
    "pct3ResTime" : 130978.98000000001,
    "throughput" : 1045.3068887816596,
    "receivedKBytesPerSec" : 386.02783497822594,
    "sentKBytesPerSec" : 0.0
  },
  "Search" : {
    "transaction" : "Search",
    "sampleCount" : 330414,
    "errorCount" : 327850,
    "errorPct" : 99.22401,
    "meanResTime" : 282.5384214954529,
    "medianResTime" : 0.0,
    "minResTime" : 0.0,
    "maxResTime" : 57123.0,
    "pct1ResTime" : 0.0,
    "pct2ResTime" : 0.0,
    "pct3ResTime" : 52879.95000000001,
    "throughput" : 503.45731307805994,
    "receivedKBytesPerSec" : 178.47724638688692,
    "sentKBytesPerSec" : 0.0
  },
  "Compare" : {
    "transaction" : "Compare",
    "sampleCount" : 6557,
    "errorCount" : 6557,
    "errorPct" : 100.0,
    "meanResTime" : 0.005947842000915078,
    "medianResTime" : 0.0,
    "minResTime" : 0.0,
    "maxResTime" : 3.0,
    "pct1ResTime" : 0.0,
    "pct2ResTime" : 0.0,
    "pct3ResTime" : 0.0,
    "throughput" : 16.238478035830152,
    "receivedKBytesPerSec" : 5.342045541786159,
    "sentKBytesPerSec" : 0.0
  },
  "Unbind" : {
    "transaction" : "Unbind",
    "sampleCount" : 6557,
    "errorCount" : 0,
    "errorPct" : 0.0,
    "meanResTime" : 0.03736464846728704,
    "medianResTime" : 0.0,
    "minResTime" : 0.0,
    "maxResTime" : 51.0,
    "pct1ResTime" : 0.0,
    "pct2ResTime" : 0.0,
    "pct3ResTime" : 1.0,
    "throughput" : 16.238478035830152,
    "receivedKBytesPerSec" : 3.1715777413730764,
    "sentKBytesPerSec" : 0.0
  }
}