{
  "Bind" : {
    "transaction" : "Bind",
    "sampleCount" : 107884,
    "errorCount" : 55800,
    "errorPct" : 51.72222,
    "meanResTime" : 373.40867042378403,
    "medianResTime" : 445.0,
    "minResTime" : 0.0,
    "maxResTime" : 7236.0,
    "pct1ResTime" : 964.0,
    "pct2ResTime" : 1118.0,
    "pct3ResTime" : 1595.9600000000064,
    "throughput" : 152.320872889923,
    "receivedKBytesPerSec" : 41.46318190554282,
    "sentKBytesPerSec" : 0.0
  },
  "Total" : {
    "transaction" : "Total",
    "sampleCount" : 10951657,
    "errorCount" : 5636920,
    "errorPct" : 51.470932,
    "meanResTime" : 11.214518679685565,
    "medianResTime" : 1.0,
    "minResTime" : 0.0,
    "maxResTime" : 7236.0,
    "pct1ResTime" : 5.0,
    "pct2ResTime" : 8.0,
    "pct3ResTime" : 27.0,
    "throughput" : 15462.50169426435,
    "receivedKBytesPerSec" : 5337.9676886581,
    "sentKBytesPerSec" : 0.0
  },
  "Search" : {
    "transaction" : "Search",
    "sampleCount" : 10736934,
    "errorCount" : 5581120,
    "errorPct" : 51.980576,
    "meanResTime" : 7.672366059062718,
    "medianResTime" : 1.0,
    "minResTime" : 0.0,
    "maxResTime" : 1949.0,
    "pct1ResTime" : 5.0,
    "pct2ResTime" : 7.0,
    "pct3ResTime" : 13.0,
    "throughput" : 15162.334141092339,
    "receivedKBytesPerSec" : 5268.084218298107,
    "sentKBytesPerSec" : 0.0
  },
  "Unbind" : {
    "transaction" : "Unbind",
    "sampleCount" : 106839,
    "errorCount" : 0,
    "errorPct" : 0.0,
    "meanResTime" : 1.4512771553458856,
    "medianResTime" : 0.0,
    "minResTime" : 0.0,
    "maxResTime" : 779.0,
    "pct1ResTime" : 1.0,
    "pct2ResTime" : 1.0,
    "pct3ResTime" : 16.0,
    "throughput" : 151.47184545303747,
    "receivedKBytesPerSec" : 29.58434481504638,
    "sentKBytesPerSec" : 0.0
  }
}