{
  "Add" : {
    "transaction" : "Add",
    "sampleCount" : 30000,
    "errorCount" : 20153,
    "errorPct" : 67.17667,
    "meanResTime" : 141.98506666666626,
    "medianResTime" : 127.0,
    "minResTime" : 0.0,
    "maxResTime" : 1793.0,
    "pct1ResTime" : 312.0,
    "pct2ResTime" : 357.0,
    "pct3ResTime" : 454.0,
    "throughput" : 95.11700977485805,
    "receivedKBytesPerSec" : 33.803588279285734,
    "sentKBytesPerSec" : 0.0
  },
  "Delete" : {
    "transaction" : "Delete",
    "sampleCount" : 30000,
    "errorCount" : 6178,
    "errorPct" : 20.593334,
    "meanResTime" : 138.99989999999985,
    "medianResTime" : 123.0,
    "minResTime" : 0.0,
    "maxResTime" : 1957.0,
    "pct1ResTime" : 310.0,
    "pct2ResTime" : 355.0,
    "pct3ResTime" : 449.0,
    "throughput" : 95.1296776055226,
    "receivedKBytesPerSec" : 15.443460865236128,
    "sentKBytesPerSec" : 0.0
  },
  "Bind" : {
    "transaction" : "Bind",
    "sampleCount" : 30000,
    "errorCount" : 6178,
    "errorPct" : 20.593334,
    "meanResTime" : 6380.172666666628,
    "medianResTime" : 6370.0,
    "minResTime" : 7.0,
    "maxResTime" : 15172.0,
    "pct1ResTime" : 10952.400000000009,
    "pct2ResTime" : 12584.0,
    "pct3ResTime" : 14729.970000000005,
    "throughput" : 94.52748859368305,
    "receivedKBytesPerSec" : 22.399688487615325,
    "sentKBytesPerSec" : 0.0
  },
  "Search (No-Index, RDN-Base)" : {
    "transaction" : "Search (No-Index, RDN-Base)",
    "sampleCount" : 1500000,
    "errorCount" : 308900,
    "errorPct" : 20.593334,
    "meanResTime" : 57.493096000001536,
    "medianResTime" : 24.0,
    "minResTime" : 0.0,
    "maxResTime" : 2237.0,
    "pct1ResTime" : 98.0,
    "pct2ResTime" : 122.0,
    "pct3ResTime" : 168.0,
    "throughput" : 4726.791453961051,
    "receivedKBytesPerSec" : 1823.2504870810883,
    "sentKBytesPerSec" : 0.0
  },
  "Total" : {
    "transaction" : "Total",
    "sampleCount" : 3150000,
    "errorCount" : 680309,
    "errorPct" : 21.59711,
    "meanResTime" : 118.46806476190181,
    "medianResTime" : 5.0,
    "minResTime" : 0.0,
    "maxResTime" : 15172.0,
    "pct1ResTime" : 25.0,
    "pct2ResTime" : 33.0,
    "pct3ResTime" : 84.0,
    "throughput" : 9922.509922509922,
    "receivedKBytesPerSec" : 3598.8190349030197,
    "sentKBytesPerSec" : 0.0
  },
  "Search" : {
    "transaction" : "Search",
    "sampleCount" : 1500000,
    "errorCount" : 308900,
    "errorPct" : 20.593334,
    "meanResTime" : 56.572289333334886,
    "medianResTime" : 24.0,
    "minResTime" : 0.0,
    "maxResTime" : 2695.0,
    "pct1ResTime" : 97.0,
    "pct2ResTime" : 122.0,
    "pct3ResTime" : 168.0,
    "throughput" : 4726.434000075623,
    "receivedKBytesPerSec" : 1659.3520115604638,
    "sentKBytesPerSec" : 0.0
  },
  "Compare" : {
    "transaction" : "Compare",
    "sampleCount" : 30000,
    "errorCount" : 30000,
    "errorPct" : 100.0,
    "meanResTime" : 74.43413333333326,
    "medianResTime" : 58.0,
    "minResTime" : 0.0,
    "maxResTime" : 1819.0,
    "pct1ResTime" : 181.0,
    "pct2ResTime" : 214.0,
    "pct3ResTime" : 285.0,
    "throughput" : 95.13752128702038,
    "receivedKBytesPerSec" : 27.818053281174183,
    "sentKBytesPerSec" : 0.0
  },
  "Unbind" : {
    "transaction" : "Unbind",
    "sampleCount" : 30000,
    "errorCount" : 0,
    "errorPct" : 0.0,
    "meanResTime" : 0.285766666666667,
    "medianResTime" : 0.0,
    "minResTime" : 0.0,
    "maxResTime" : 618.0,
    "pct1ResTime" : 0.0,
    "pct2ResTime" : 1.0,
    "pct3ResTime" : 1.0,
    "throughput" : 95.21663371113178,
    "receivedKBytesPerSec" : 18.596998771705422,
    "sentKBytesPerSec" : 0.0
  }
}