{
  "Add" : {
    "transaction" : "Add",
    "sampleCount" : 30000,
    "errorCount" : 29897,
    "errorPct" : 99.65667,
    "meanResTime" : 33.49813333333329,
    "medianResTime" : 14.0,
    "minResTime" : 0.0,
    "maxResTime" : 3231.0,
    "pct1ResTime" : 64.0,
    "pct2ResTime" : 92.0,
    "pct3ResTime" : 210.9900000000016,
    "throughput" : 142.1565143222688,
    "receivedKBytesPerSec" : 50.86442914534319,
    "sentKBytesPerSec" : 0.0
  },
  "Delete" : {
    "transaction" : "Delete",
    "sampleCount" : 30000,
    "errorCount" : 0,
    "errorPct" : 0.0,
    "meanResTime" : 36.759600000000106,
    "medianResTime" : 19.0,
    "minResTime" : 0.0,
    "maxResTime" : 3377.0,
    "pct1ResTime" : 79.0,
    "pct2ResTime" : 106.0,
    "pct3ResTime" : 199.0,
    "throughput" : 142.18885523752647,
    "receivedKBytesPerSec" : 21.939296022977718,
    "sentKBytesPerSec" : 0.0
  },
  "Bind" : {
    "transaction" : "Bind",
    "sampleCount" : 30000,
    "errorCount" : 0,
    "errorPct" : 0.0,
    "meanResTime" : 1379.3719666666702,
    "medianResTime" : 1210.0,
    "minResTime" : 1.0,
    "maxResTime" : 9041.0,
    "pct1ResTime" : 2566.9000000000015,
    "pct2ResTime" : 3025.0,
    "pct3ResTime" : 3986.980000000003,
    "throughput" : 140.84903800107045,
    "receivedKBytesPerSec" : 30.3980833967154,
    "sentKBytesPerSec" : 0.0
  },
  "Search (No-Index, RDN-Base)" : {
    "transaction" : "Search (No-Index, RDN-Base)",
    "sampleCount" : 1500000,
    "errorCount" : 0,
    "errorPct" : 0.0,
    "meanResTime" : 21.64105400000191,
    "medianResTime" : 4.0,
    "minResTime" : 0.0,
    "maxResTime" : 4481.0,
    "pct1ResTime" : 13.0,
    "pct2ResTime" : 17.0,
    "pct3ResTime" : 52.0,
    "throughput" : 7047.315677458456,
    "receivedKBytesPerSec" : 2750.0427885846407,
    "sentKBytesPerSec" : 0.0
  },
  "Total" : {
    "transaction" : "Total",
    "sampleCount" : 3150000,
    "errorCount" : 59897,
    "errorPct" : 1.9014921,
    "meanResTime" : 34.45618666666471,
    "medianResTime" : 2.0,
    "minResTime" : 0.0,
    "maxResTime" : 9041.0,
    "pct1ResTime" : 7.0,
    "pct2ResTime" : 10.0,
    "pct3ResTime" : 34.9900000000016,
    "throughput" : 14786.788591171113,
    "receivedKBytesPerSec" : 5406.910665426024,
    "sentKBytesPerSec" : 0.0
  },
  "Search" : {
    "transaction" : "Search",
    "sampleCount" : 1500000,
    "errorCount" : 0,
    "errorPct" : 0.0,
    "meanResTime" : 21.312666000001055,
    "medianResTime" : 4.0,
    "minResTime" : 0.0,
    "maxResTime" : 3955.0,
    "pct1ResTime" : 13.0,
    "pct2ResTime" : 18.0,
    "pct3ResTime" : 45.9900000000016,
    "throughput" : 7046.1239272276325,
    "receivedKBytesPerSec" : 2490.250329699882,
    "sentKBytesPerSec" : 0.0
  },
  "Compare" : {
    "transaction" : "Compare",
    "sampleCount" : 30000,
    "errorCount" : 30000,
    "errorPct" : 100.0,
    "meanResTime" : 19.42846666666666,
    "medianResTime" : 8.0,
    "minResTime" : 0.0,
    "maxResTime" : 2600.0,
    "pct1ResTime" : 39.0,
    "pct2ResTime" : 58.0,
    "pct3ResTime" : 139.9900000000016,
    "throughput" : 142.21514306843392,
    "receivedKBytesPerSec" : 41.03372132142756,
    "sentKBytesPerSec" : 0.0
  },
  "Unbind" : {
    "transaction" : "Unbind",
    "sampleCount" : 30000,
    "errorCount" : 0,
    "errorPct" : 0.0,
    "meanResTime" : 1.1554333333333164,
    "medianResTime" : 0.0,
    "minResTime" : 0.0,
    "maxResTime" : 3526.0,
    "pct1ResTime" : 1.0,
    "pct2ResTime" : 1.0,
    "pct3ResTime" : 8.0,
    "throughput" : 142.26167612706814,
    "receivedKBytesPerSec" : 27.785483618567994,
    "sentKBytesPerSec" : 0.0
  }
}