{
  "Add" : {
    "transaction" : "Add",
    "sampleCount" : 2000,
    "errorCount" : 1500,
    "errorPct" : 75.0,
    "meanResTime" : 32571.249000000007,
    "medianResTime" : 31740.5,
    "minResTime" : 1831.0,
    "maxResTime" : 53131.0,
    "pct1ResTime" : 51096.9,
    "pct2ResTime" : 51537.75,
    "pct3ResTime" : 52541.97,
    "throughput" : 6.548917136551471,
    "receivedKBytesPerSec" : 2.7427555673981807,
    "sentKBytesPerSec" : 0.0
  },
  "Delete" : {
    "transaction" : "Delete",
    "sampleCount" : 2000,
    "errorCount" : 1500,
    "errorPct" : 75.0,
    "meanResTime" : 34129.298500000004,
    "medianResTime" : 35298.5,
    "minResTime" : 9276.0,
    "maxResTime" : 53107.0,
    "pct1ResTime" : 51201.9,
    "pct2ResTime" : 51511.95,
    "pct3ResTime" : 52533.99,
    "throughput" : 6.318137160439616,
    "receivedKBytesPerSec" : 2.552851340748194,
    "sentKBytesPerSec" : 0.0
  },
  "Bind" : {
    "transaction" : "Bind",
    "sampleCount" : 4000,
    "errorCount" : 0,
    "errorPct" : 0.0,
    "meanResTime" : 13065.96225000001,
    "medianResTime" : 1733.5,
    "minResTime" : 10.0,
    "maxResTime" : 53108.0,
    "pct1ResTime" : 45312.0,
    "pct2ResTime" : 50829.9,
    "pct3ResTime" : 51766.84,
    "throughput" : 8.395213049519164,
    "receivedKBytesPerSec" : 1.7544683521456066,
    "sentKBytesPerSec" : 0.0
  },
  "Search (No-Index, RDN-Base)" : {
    "transaction" : "Search (No-Index, RDN-Base)",
    "sampleCount" : 179653,
    "errorCount" : 0,
    "errorPct" : 0.0,
    "meanResTime" : 2664.1039615258337,
    "medianResTime" : 1669.0,
    "minResTime" : 215.0,
    "maxResTime" : 54777.0,
    "pct1ResTime" : 1725.0,
    "pct2ResTime" : 1737.0,
    "pct3ResTime" : 1755.0,
    "throughput" : 297.7892850690134,
    "receivedKBytesPerSec" : 116.02713061494988,
    "sentKBytesPerSec" : 0.0
  },
  "Total" : {
    "transaction" : "Total",
    "sampleCount" : 372321,
    "errorCount" : 5000,
    "errorPct" : 1.3429272,
    "meanResTime" : 3204.7746729300466,
    "medianResTime" : 1667.0,
    "minResTime" : 0.0,
    "maxResTime" : 54777.0,
    "pct1ResTime" : 1723.0,
    "pct2ResTime" : 1733.0,
    "pct3ResTime" : 1751.0,
    "throughput" : 616.6429552143388,
    "receivedKBytesPerSec" : 228.42991758424327,
    "sentKBytesPerSec" : 0.0
  },
  "Search" : {
    "transaction" : "Search",
    "sampleCount" : 180668,
    "errorCount" : 0,
    "errorPct" : 0.0,
    "meanResTime" : 2588.7076128589165,
    "medianResTime" : 1657.0,
    "minResTime" : 128.0,
    "maxResTime" : 53122.0,
    "pct1ResTime" : 1711.0,
    "pct2ResTime" : 1724.0,
    "pct3ResTime" : 1736.0,
    "throughput" : 299.44095559632785,
    "receivedKBytesPerSec" : 105.53100160862003,
    "sentKBytesPerSec" : 0.0
  },
  "Compare" : {
    "transaction" : "Compare",
    "sampleCount" : 2000,
    "errorCount" : 2000,
    "errorPct" : 100.0,
    "meanResTime" : 30614.388500000034,
    "medianResTime" : 29617.0,
    "minResTime" : 1349.0,
    "maxResTime" : 52905.0,
    "pct1ResTime" : 50997.9,
    "pct2ResTime" : 51389.95,
    "pct3ResTime" : 52539.0,
    "throughput" : 6.492220696550358,
    "receivedKBytesPerSec" : 4.481585018876132,
    "sentKBytesPerSec" : 0.0
  },
  "Unbind" : {
    "transaction" : "Unbind",
    "sampleCount" : 2000,
    "errorCount" : 0,
    "errorPct" : 0.0,
    "meanResTime" : 0.1470000000000001,
    "medianResTime" : 0.0,
    "minResTime" : 0.0,
    "maxResTime" : 2.0,
    "pct1ResTime" : 1.0,
    "pct2ResTime" : 1.0,
    "pct3ResTime" : 1.0,
    "throughput" : 6.778649964073155,
    "receivedKBytesPerSec" : 1.3239550711080381,
    "sentKBytesPerSec" : 0.0
  }
}