{
  "Add" : {
    "transaction" : "Add",
    "sampleCount" : 30000,
    "errorCount" : 20123,
    "errorPct" : 67.07667,
    "meanResTime" : 187.53016666666613,
    "medianResTime" : 176.0,
    "minResTime" : 0.0,
    "maxResTime" : 2859.0,
    "pct1ResTime" : 398.0,
    "pct2ResTime" : 448.0,
    "pct3ResTime" : 576.0,
    "throughput" : 63.75829654833835,
    "receivedKBytesPerSec" : 22.646926179315958,
    "sentKBytesPerSec" : 0.0
  },
  "Delete" : {
    "transaction" : "Delete",
    "sampleCount" : 30000,
    "errorCount" : 5955,
    "errorPct" : 19.85,
    "meanResTime" : 182.9603666666679,
    "medianResTime" : 172.0,
    "minResTime" : 0.0,
    "maxResTime" : 1766.0,
    "pct1ResTime" : 391.0,
    "pct2ResTime" : 441.0,
    "pct3ResTime" : 577.0,
    "throughput" : 63.77456117787363,
    "receivedKBytesPerSec" : 10.334717462750342,
    "sentKBytesPerSec" : 0.0
  },
  "Bind" : {
    "transaction" : "Bind",
    "sampleCount" : 30000,
    "errorCount" : 5955,
    "errorPct" : 19.85,
    "meanResTime" : 8408.446099999968,
    "medianResTime" : 8826.5,
    "minResTime" : 1.0,
    "maxResTime" : 26649.0,
    "pct1ResTime" : 15375.900000000001,
    "pct2ResTime" : 16703.9,
    "pct3ResTime" : 19208.81000000003,
    "throughput" : 63.2908721904127,
    "receivedKBytesPerSec" : 14.950896584428968,
    "sentKBytesPerSec" : 0.0
  },
  "Search (No-Index, RDN-Base)" : {
    "transaction" : "Search (No-Index, RDN-Base)",
    "sampleCount" : 1500000,
    "errorCount" : 297750,
    "errorPct" : 19.85,
    "meanResTime" : 80.90320799999989,
    "medianResTime" : 4.0,
    "minResTime" : 0.0,
    "maxResTime" : 4291.0,
    "pct1ResTime" : 48.0,
    "pct2ResTime" : 65.0,
    "pct3ResTime" : 105.0,
    "throughput" : 3166.026425767234,
    "receivedKBytesPerSec" : 1221.7295668447118,
    "sentKBytesPerSec" : 0.0
  },
  "Total" : {
    "transaction" : "Total",
    "sampleCount" : 3150000,
    "errorCount" : 657533,
    "errorPct" : 20.874063,
    "meanResTime" : 160.67364539682063,
    "medianResTime" : 1.0,
    "minResTime" : 0.0,
    "maxResTime" : 26649.0,
    "pct1ResTime" : 6.0,
    "pct2ResTime" : 8.0,
    "pct3ResTime" : 19.0,
    "throughput" : 6645.02287786448,
    "receivedKBytesPerSec" : 2411.024398259558,
    "sentKBytesPerSec" : 0.0
  },
  "Search" : {
    "transaction" : "Search",
    "sampleCount" : 1500000,
    "errorCount" : 297750,
    "errorPct" : 19.85,
    "meanResTime" : 78.94426333333278,
    "medianResTime" : 5.0,
    "minResTime" : 0.0,
    "maxResTime" : 6792.0,
    "pct1ResTime" : 50.0,
    "pct2ResTime" : 65.0,
    "pct3ResTime" : 102.0,
    "throughput" : 3165.8126007783676,
    "receivedKBytesPerSec" : 1111.958962626527,
    "sentKBytesPerSec" : 0.0
  },
  "Compare" : {
    "transaction" : "Compare",
    "sampleCount" : 30000,
    "errorCount" : 30000,
    "errorPct" : 100.0,
    "meanResTime" : 98.30970000000005,
    "medianResTime" : 77.0,
    "minResTime" : 0.0,
    "maxResTime" : 2127.0,
    "pct1ResTime" : 223.0,
    "pct2ResTime" : 256.0,
    "pct3ResTime" : 330.9900000000016,
    "throughput" : 63.77686600480452,
    "receivedKBytesPerSec" : 18.634360832899297,
    "sentKBytesPerSec" : 0.0
  },
  "Unbind" : {
    "transaction" : "Unbind",
    "sampleCount" : 30000,
    "errorCount" : 0,
    "errorPct" : 0.0,
    "meanResTime" : 1.1128666666666598,
    "medianResTime" : 0.0,
    "minResTime" : 0.0,
    "maxResTime" : 678.0,
    "pct1ResTime" : 1.0,
    "pct2ResTime" : 1.0,
    "pct3ResTime" : 2.0,
    "throughput" : 63.80440122759667,
    "receivedKBytesPerSec" : 12.461797114764977,
    "sentKBytesPerSec" : 0.0
  }
}