{
  "Add" : {
    "transaction" : "Add",
    "sampleCount" : 29994,
    "errorCount" : 20010,
    "errorPct" : 66.71334,
    "meanResTime" : 165.7121090884822,
    "medianResTime" : 157.0,
    "minResTime" : 0.0,
    "maxResTime" : 1223.0,
    "pct1ResTime" : 353.0,
    "pct2ResTime" : 420.0,
    "pct3ResTime" : 582.0,
    "throughput" : 80.54069729973577,
    "receivedKBytesPerSec" : 28.367193835457346,
    "sentKBytesPerSec" : 0.0
  },
  "Delete" : {
    "transaction" : "Delete",
    "sampleCount" : 29995,
    "errorCount" : 2200,
    "errorPct" : 7.3345556,
    "meanResTime" : 163.0583097182856,
    "medianResTime" : 154.0,
    "minResTime" : 0.0,
    "maxResTime" : 1148.0,
    "pct1ResTime" : 346.0,
    "pct2ResTime" : 418.0,
    "pct3ResTime" : 582.9900000000016,
    "throughput" : 80.55549587487108,
    "receivedKBytesPerSec" : 12.660257674525718,
    "sentKBytesPerSec" : 0.0
  },
  "Bind" : {
    "transaction" : "Bind",
    "sampleCount" : 29979,
    "errorCount" : 2198,
    "errorPct" : 7.331799,
    "meanResTime" : 8653.659595049849,
    "medianResTime" : 9437.0,
    "minResTime" : 0.0,
    "maxResTime" : 18001.0,
    "pct1ResTime" : 15240.0,
    "pct2ResTime" : 16120.400000000009,
    "pct3ResTime" : 17305.99,
    "throughput" : 80.38148965435879,
    "receivedKBytesPerSec" : 17.988234694530767,
    "sentKBytesPerSec" : 0.0
  },
  "Search (No-Index, RDN-Base)" : {
    "transaction" : "Search (No-Index, RDN-Base)",
    "sampleCount" : 1499526,
    "errorCount" : 109978,
    "errorPct" : 7.334184,
    "meanResTime" : 55.66329493453283,
    "medianResTime" : 9.0,
    "minResTime" : 0.0,
    "maxResTime" : 1838.0,
    "pct1ResTime" : 41.0,
    "pct2ResTime" : 56.0,
    "pct3ResTime" : 85.0,
    "throughput" : 4021.427575331739,
    "receivedKBytesPerSec" : 1556.2416759468092,
    "sentKBytesPerSec" : 0.0
  },
  "Total" : {
    "transaction" : "Total",
    "sampleCount" : 3149000,
    "errorCount" : 274356,
    "errorPct" : 8.712481,
    "meanResTime" : 138.93597110193272,
    "medianResTime" : 3.0,
    "minResTime" : 0.0,
    "maxResTime" : 18001.0,
    "pct1ResTime" : 25.0,
    "pct2ResTime" : 43.0,
    "pct3ResTime" : 83.9900000000016,
    "throughput" : 8442.676132616236,
    "receivedKBytesPerSec" : 3070.1849268261744,
    "sentKBytesPerSec" : 0.0
  },
  "Search" : {
    "transaction" : "Search",
    "sampleCount" : 1499518,
    "errorCount" : 109976,
    "errorPct" : 7.33409,
    "meanResTime" : 54.78581984344499,
    "medianResTime" : 9.0,
    "minResTime" : 0.0,
    "maxResTime" : 1710.0,
    "pct1ResTime" : 41.0,
    "pct2ResTime" : 56.0,
    "pct3ResTime" : 84.0,
    "throughput" : 4020.856181372089,
    "receivedKBytesPerSec" : 1416.706350469921,
    "sentKBytesPerSec" : 0.0
  },
  "Compare" : {
    "transaction" : "Compare",
    "sampleCount" : 29994,
    "errorCount" : 29994,
    "errorPct" : 100.0,
    "meanResTime" : 86.46212575848512,
    "medianResTime" : 76.0,
    "minResTime" : 0.0,
    "maxResTime" : 1088.0,
    "pct1ResTime" : 214.0,
    "pct2ResTime" : 251.0,
    "pct3ResTime" : 370.0,
    "throughput" : 80.55800262134461,
    "receivedKBytesPerSec" : 23.24206579951011,
    "sentKBytesPerSec" : 0.0
  },
  "Unbind" : {
    "transaction" : "Unbind",
    "sampleCount" : 29994,
    "errorCount" : 0,
    "errorPct" : 0.0,
    "meanResTime" : 0.1928052277122093,
    "medianResTime" : 0.0,
    "minResTime" : 0.0,
    "maxResTime" : 418.0,
    "pct1ResTime" : 0.0,
    "pct2ResTime" : 1.0,
    "pct3ResTime" : 1.0,
    "throughput" : 80.55821898492455,
    "receivedKBytesPerSec" : 15.734027145493075,
    "sentKBytesPerSec" : 0.0
  }
}