{
  "Add" : {
    "transaction" : "Add",
    "sampleCount" : 2000,
    "errorCount" : 1500,
    "errorPct" : 75.0,
    "meanResTime" : 34952.073500000006,
    "medianResTime" : 41152.0,
    "minResTime" : 2333.0,
    "maxResTime" : 49973.0,
    "pct1ResTime" : 48149.8,
    "pct2ResTime" : 48782.0,
    "pct3ResTime" : 49485.94,
    "throughput" : 6.2674116529984865,
    "receivedKBytesPerSec" : 2.6251763688810477,
    "sentKBytesPerSec" : 0.0
  },
  "Delete" : {
    "transaction" : "Delete",
    "sampleCount" : 2000,
    "errorCount" : 1500,
    "errorPct" : 75.0,
    "meanResTime" : 36027.68700000006,
    "medianResTime" : 40919.0,
    "minResTime" : 8429.0,
    "maxResTime" : 49972.0,
    "pct1ResTime" : 48074.9,
    "pct2ResTime" : 48735.75,
    "pct3ResTime" : 49487.97,
    "throughput" : 6.019165021428227,
    "receivedKBytesPerSec" : 2.4355428543858646,
    "sentKBytesPerSec" : 0.0
  },
  "Bind" : {
    "transaction" : "Bind",
    "sampleCount" : 4000,
    "errorCount" : 0,
    "errorPct" : 0.0,
    "meanResTime" : 14327.230249999995,
    "medianResTime" : 1987.5,
    "minResTime" : 25.0,
    "maxResTime" : 49973.0,
    "pct1ResTime" : 47209.9,
    "pct2ResTime" : 48073.549999999996,
    "pct3ResTime" : 49424.67999999999,
    "throughput" : 7.467144563918757,
    "receivedKBytesPerSec" : 1.5605165397252092,
    "sentKBytesPerSec" : 0.0
  },
  "Search (No-Index, RDN-Base)" : {
    "transaction" : "Search (No-Index, RDN-Base)",
    "sampleCount" : 132412,
    "errorCount" : 0,
    "errorPct" : 0.0,
    "meanResTime" : 3553.3530873334807,
    "medianResTime" : 2318.0,
    "minResTime" : 292.0,
    "maxResTime" : 51705.0,
    "pct1ResTime" : 2536.0,
    "pct2ResTime" : 2565.0,
    "pct3ResTime" : 2638.9900000000016,
    "throughput" : 219.08696666506725,
    "receivedKBytesPerSec" : 85.43785397787158,
    "sentKBytesPerSec" : 0.0
  },
  "Total" : {
    "transaction" : "Total",
    "sampleCount" : 277771,
    "errorCount" : 5000,
    "errorPct" : 1.800044,
    "meanResTime" : 4300.43700026271,
    "medianResTime" : 2323.0,
    "minResTime" : 0.0,
    "maxResTime" : 51705.0,
    "pct1ResTime" : 2528.0,
    "pct2ResTime" : 2555.0,
    "pct3ResTime" : 2589.0,
    "throughput" : 459.26529721435946,
    "receivedKBytesPerSec" : 170.15037779826838,
    "sentKBytesPerSec" : 0.0
  },
  "Search" : {
    "transaction" : "Search",
    "sampleCount" : 133359,
    "errorCount" : 0,
    "errorPct" : 0.0,
    "meanResTime" : 3451.4884709693765,
    "medianResTime" : 2294.0,
    "minResTime" : 155.0,
    "maxResTime" : 50044.0,
    "pct1ResTime" : 2517.0,
    "pct2ResTime" : 2547.0,
    "pct3ResTime" : 2620.0,
    "throughput" : 220.58998670098387,
    "receivedKBytesPerSec" : 77.77075306609312,
    "sentKBytesPerSec" : 0.0
  },
  "Compare" : {
    "transaction" : "Compare",
    "sampleCount" : 2000,
    "errorCount" : 2000,
    "errorPct" : 100.0,
    "meanResTime" : 32237.161500000086,
    "medianResTime" : 37403.0,
    "minResTime" : 1723.0,
    "maxResTime" : 49956.0,
    "pct1ResTime" : 47990.0,
    "pct2ResTime" : 48352.95,
    "pct3ResTime" : 49437.99,
    "throughput" : 6.14056364233673,
    "receivedKBytesPerSec" : 4.2441489063656155,
    "sentKBytesPerSec" : 0.0
  },
  "Unbind" : {
    "transaction" : "Unbind",
    "sampleCount" : 2000,
    "errorCount" : 0,
    "errorPct" : 0.0,
    "meanResTime" : 0.14049999999999999,
    "medianResTime" : 0.0,
    "minResTime" : 0.0,
    "maxResTime" : 2.0,
    "pct1ResTime" : 1.0,
    "pct2ResTime" : 1.0,
    "pct3ResTime" : 1.0,
    "throughput" : 6.396683959035636,
    "receivedKBytesPerSec" : 1.2493523357491478,
    "sentKBytesPerSec" : 0.0
  }
}