{
  "Delete" : {
    "transaction" : "Delete",
    "sampleCount" : 30000,
    "errorCount" : 3777,
    "errorPct" : 12.59,
    "meanResTime" : 115.08606666666692,
    "medianResTime" : 115.0,
    "minResTime" : 0.0,
    "maxResTime" : 1230.0,
    "pct1ResTime" : 234.0,
    "pct2ResTime" : 266.0,
    "pct3ResTime" : 330.0,
    "throughput" : 90.05871828432139,
    "receivedKBytesPerSec" : 14.338684759963497,
    "sentKBytesPerSec" : 0.0
  },
  "Add" : {
    "transaction" : "Add",
    "sampleCount" : 30000,
    "errorCount" : 20089,
    "errorPct" : 66.96333,
    "meanResTime" : 118.33156666666672,
    "medianResTime" : 116.0,
    "minResTime" : 0.0,
    "maxResTime" : 2737.0,
    "pct1ResTime" : 236.0,
    "pct2ResTime" : 267.0,
    "pct3ResTime" : 340.0,
    "throughput" : 90.00171003249062,
    "receivedKBytesPerSec" : 31.730896832352315,
    "sentKBytesPerSec" : 0.0
  },
  "Bind" : {
    "transaction" : "Bind",
    "sampleCount" : 30000,
    "errorCount" : 3777,
    "errorPct" : 12.59,
    "meanResTime" : 5883.284899999995,
    "medianResTime" : 5503.0,
    "minResTime" : 2.0,
    "maxResTime" : 16389.0,
    "pct1ResTime" : 12198.0,
    "pct2ResTime" : 13598.0,
    "pct3ResTime" : 14651.980000000003,
    "throughput" : 89.066758504391,
    "receivedKBytesPerSec" : 20.409876756656253,
    "sentKBytesPerSec" : 0.0
  },
  "Search (No-Index, RDN-Base)" : {
    "transaction" : "Search (No-Index, RDN-Base)",
    "sampleCount" : 1500000,
    "errorCount" : 188850,
    "errorPct" : 12.59,
    "meanResTime" : 67.34098333333135,
    "medianResTime" : 12.0,
    "minResTime" : 0.0,
    "maxResTime" : 2960.0,
    "pct1ResTime" : 55.0,
    "pct2ResTime" : 72.0,
    "pct3ResTime" : 102.0,
    "throughput" : 4455.361730818925,
    "receivedKBytesPerSec" : 1717.8119172061986,
    "sentKBytesPerSec" : 0.0
  },
  "Total" : {
    "transaction" : "Total",
    "sampleCount" : 3150000,
    "errorCount" : 435343,
    "errorPct" : 13.820413,
    "meanResTime" : 122.81612952380281,
    "medianResTime" : 8.0,
    "minResTime" : 0.0,
    "maxResTime" : 16389.0,
    "pct1ResTime" : 65.0,
    "pct2ResTime" : 78.0,
    "pct3ResTime" : 102.0,
    "throughput" : 9351.232284609949,
    "receivedKBytesPerSec" : 3392.7888524219693,
    "sentKBytesPerSec" : 0.0
  },
  "Search" : {
    "transaction" : "Search",
    "sampleCount" : 1500000,
    "errorCount" : 188850,
    "errorPct" : 12.59,
    "meanResTime" : 66.30171533333568,
    "medianResTime" : 12.0,
    "minResTime" : 0.0,
    "maxResTime" : 3429.0,
    "pct1ResTime" : 55.0,
    "pct2ResTime" : 71.0,
    "pct3ResTime" : 104.0,
    "throughput" : 4454.9118372947405,
    "receivedKBytesPerSec" : 1567.4508050118502,
    "sentKBytesPerSec" : 0.0
  },
  "Compare" : {
    "transaction" : "Compare",
    "sampleCount" : 30000,
    "errorCount" : 30000,
    "errorPct" : 100.0,
    "meanResTime" : 95.9296000000001,
    "medianResTime" : 93.0,
    "minResTime" : 0.0,
    "maxResTime" : 1096.0,
    "pct1ResTime" : 207.0,
    "pct2ResTime" : 235.0,
    "pct3ResTime" : 296.0,
    "throughput" : 90.06277375330606,
    "receivedKBytesPerSec" : 26.042504164465132,
    "sentKBytesPerSec" : 0.0
  },
  "Unbind" : {
    "transaction" : "Unbind",
    "sampleCount" : 30000,
    "errorCount" : 0,
    "errorPct" : 0.0,
    "meanResTime" : 0.926533333333326,
    "medianResTime" : 0.0,
    "minResTime" : 0.0,
    "maxResTime" : 2516.0,
    "pct1ResTime" : 1.0,
    "pct2ResTime" : 1.0,
    "pct3ResTime" : 1.0,
    "throughput" : 90.09441895106072,
    "receivedKBytesPerSec" : 17.596566201379048,
    "sentKBytesPerSec" : 0.0
  }
}