{
  "Bind" : {
    "transaction" : "Bind",
    "sampleCount" : 119253,
    "errorCount" : 56362,
    "errorPct" : 47.262543,
    "meanResTime" : 285.25971673667897,
    "medianResTime" : 229.0,
    "minResTime" : 0.0,
    "maxResTime" : 5729.0,
    "pct1ResTime" : 946.0,
    "pct2ResTime" : 1152.0,
    "pct3ResTime" : 1585.9800000000032,
    "throughput" : 150.80979979791363,
    "receivedKBytesPerSec" : 40.126390479983584,
    "sentKBytesPerSec" : 0.0
  },
  "Total" : {
    "transaction" : "Total",
    "sampleCount" : 12199900,
    "errorCount" : 5722720,
    "errorPct" : 46.907925,
    "meanResTime" : 10.290789678606956,
    "medianResTime" : 1.0,
    "minResTime" : 0.0,
    "maxResTime" : 5729.0,
    "pct1ResTime" : 3.0,
    "pct2ResTime" : 4.0,
    "pct3ResTime" : 10.0,
    "throughput" : 15427.737529037895,
    "receivedKBytesPerSec" : 5330.261476607817,
    "sentKBytesPerSec" : 0.0
  },
  "Search" : {
    "transaction" : "Search",
    "sampleCount" : 11960828,
    "errorCount" : 5666358,
    "errorPct" : 47.374294,
    "meanResTime" : 7.642433701076957,
    "medianResTime" : 1.0,
    "minResTime" : 0.0,
    "maxResTime" : 2811.0,
    "pct1ResTime" : 3.0,
    "pct2ResTime" : 4.0,
    "pct3ResTime" : 7.0,
    "throughput" : 15129.716957265304,
    "receivedKBytesPerSec" : 5262.039749253133,
    "sentKBytesPerSec" : 0.0
  },
  "Unbind" : {
    "transaction" : "Unbind",
    "sampleCount" : 119819,
    "errorCount" : 0,
    "errorPct" : 0.0,
    "meanResTime" : 0.9906024920922313,
    "medianResTime" : 0.0,
    "minResTime" : 0.0,
    "maxResTime" : 600.0,
    "pct1ResTime" : 1.0,
    "pct2ResTime" : 1.0,
    "pct3ResTime" : 4.0,
    "throughput" : 152.41471599133993,
    "receivedKBytesPerSec" : 29.768499217058583,
    "sentKBytesPerSec" : 0.0
  }
}