{
  "Add" : {
    "transaction" : "Add",
    "sampleCount" : 2000,
    "errorCount" : 1500,
    "errorPct" : 75.0,
    "meanResTime" : 35936.51349999999,
    "medianResTime" : 34527.5,
    "minResTime" : 2673.0,
    "maxResTime" : 57349.0,
    "pct1ResTime" : 54267.9,
    "pct2ResTime" : 55667.75,
    "pct3ResTime" : 56740.94,
    "throughput" : 6.3539869679727286,
    "receivedKBytesPerSec" : 2.6614394202939993,
    "sentKBytesPerSec" : 0.0
  },
  "Delete" : {
    "transaction" : "Delete",
    "sampleCount" : 2000,
    "errorCount" : 1500,
    "errorPct" : 75.0,
    "meanResTime" : 37472.97749999998,
    "medianResTime" : 38435.5,
    "minResTime" : 9219.0,
    "maxResTime" : 57340.0,
    "pct1ResTime" : 53807.200000000004,
    "pct2ResTime" : 55593.85,
    "pct3ResTime" : 56763.69,
    "throughput" : 6.058237840359374,
    "receivedKBytesPerSec" : 2.4513795648822128,
    "sentKBytesPerSec" : 0.0
  },
  "Bind" : {
    "transaction" : "Bind",
    "sampleCount" : 4000,
    "errorCount" : 0,
    "errorPct" : 0.0,
    "meanResTime" : 14026.476499999992,
    "medianResTime" : 2162.0,
    "minResTime" : 76.0,
    "maxResTime" : 57338.0,
    "pct1ResTime" : 46426.3,
    "pct2ResTime" : 51892.75,
    "pct3ResTime" : 56456.33999999998,
    "throughput" : 7.097861769142046,
    "receivedKBytesPerSec" : 1.483342205660545,
    "sentKBytesPerSec" : 0.0
  },
  "Search (No-Index, RDN-Base)" : {
    "transaction" : "Search (No-Index, RDN-Base)",
    "sampleCount" : 117751,
    "errorCount" : 0,
    "errorPct" : 0.0,
    "meanResTime" : 3981.267776919114,
    "medianResTime" : 2680.0,
    "minResTime" : 369.0,
    "maxResTime" : 58563.0,
    "pct1ResTime" : 29088.800000000003,
    "pct2ResTime" : 42576.700000000004,
    "pct3ResTime" : 54202.85000000002,
    "throughput" : 195.07924043167233,
    "receivedKBytesPerSec" : 76.08001658728956,
    "sentKBytesPerSec" : 0.0
  },
  "Total" : {
    "transaction" : "Total",
    "sampleCount" : 248357,
    "errorCount" : 5000,
    "errorPct" : 2.013231,
    "meanResTime" : 4809.188466602544,
    "medianResTime" : 2646.0,
    "minResTime" : 0.0,
    "maxResTime" : 58563.0,
    "pct1ResTime" : 2786.0,
    "pct2ResTime" : 2815.0,
    "pct3ResTime" : 2864.0,
    "throughput" : 410.9945174694638,
    "receivedKBytesPerSec" : 152.23536192634495,
    "sentKBytesPerSec" : 0.0
  },
  "Search" : {
    "transaction" : "Search",
    "sampleCount" : 118606,
    "errorCount" : 0,
    "errorPct" : 0.0,
    "meanResTime" : 3856.847537224077,
    "medianResTime" : 2653.0,
    "minResTime" : 242.0,
    "maxResTime" : 57395.0,
    "pct1ResTime" : 28679.9,
    "pct2ResTime" : 39950.95,
    "pct3ResTime" : 54259.91000000002,
    "throughput" : 196.4179549387674,
    "receivedKBytesPerSec" : 69.24786744218301,
    "sentKBytesPerSec" : 0.0
  },
  "Compare" : {
    "transaction" : "Compare",
    "sampleCount" : 2000,
    "errorCount" : 2000,
    "errorPct" : 100.0,
    "meanResTime" : 32613.459000000028,
    "medianResTime" : 32617.5,
    "minResTime" : 1986.0,
    "maxResTime" : 57346.0,
    "pct1ResTime" : 52530.20000000001,
    "pct2ResTime" : 54986.9,
    "pct3ResTime" : 56726.99,
    "throughput" : 6.189880782896121,
    "receivedKBytesPerSec" : 4.278295685962588,
    "sentKBytesPerSec" : 0.0
  },
  "Unbind" : {
    "transaction" : "Unbind",
    "sampleCount" : 2000,
    "errorCount" : 0,
    "errorPct" : 0.0,
    "meanResTime" : 0.14650000000000046,
    "medianResTime" : 0.0,
    "minResTime" : 0.0,
    "maxResTime" : 2.0,
    "pct1ResTime" : 1.0,
    "pct2ResTime" : 1.0,
    "pct3ResTime" : 1.0,
    "throughput" : 6.505715270865456,
    "receivedKBytesPerSec" : 1.2706475138409092,
    "sentKBytesPerSec" : 0.0
  }
}