{
  "Add" : {
    "transaction" : "Add",
    "sampleCount" : 2000,
    "errorCount" : 1500,
    "errorPct" : 75.0,
    "meanResTime" : 30338.760000000028,
    "medianResTime" : 30479.5,
    "minResTime" : 2308.0,
    "maxResTime" : 50519.0,
    "pct1ResTime" : 47344.3,
    "pct2ResTime" : 49102.0,
    "pct3ResTime" : 49991.97,
    "throughput" : 6.212762256226742,
    "receivedKBytesPerSec" : 2.602285849968004,
    "sentKBytesPerSec" : 0.0
  },
  "Delete" : {
    "transaction" : "Delete",
    "sampleCount" : 2000,
    "errorCount" : 1500,
    "errorPct" : 75.0,
    "meanResTime" : 31642.650499999974,
    "medianResTime" : 32320.5,
    "minResTime" : 8243.0,
    "maxResTime" : 50525.0,
    "pct1ResTime" : 47268.3,
    "pct2ResTime" : 49083.95,
    "pct3ResTime" : 49994.96,
    "throughput" : 5.944543355040824,
    "receivedKBytesPerSec" : 2.405366004605535,
    "sentKBytesPerSec" : 0.0
  },
  "Bind" : {
    "transaction" : "Bind",
    "sampleCount" : 4000,
    "errorCount" : 0,
    "errorPct" : 0.0,
    "meanResTime" : 12282.688249999996,
    "medianResTime" : 1943.0,
    "minResTime" : 39.0,
    "maxResTime" : 50534.0,
    "pct1ResTime" : 39681.0,
    "pct2ResTime" : 45598.8,
    "pct3ResTime" : 49580.99,
    "throughput" : 7.391980071221728,
    "receivedKBytesPerSec" : 1.5448083351967286,
    "sentKBytesPerSec" : 0.0
  },
  "Search (No-Index, RDN-Base)" : {
    "transaction" : "Search (No-Index, RDN-Base)",
    "sampleCount" : 129113,
    "errorCount" : 0,
    "errorPct" : 0.0,
    "meanResTime" : 3772.92104590551,
    "medianResTime" : 2406.5,
    "minResTime" : 165.0,
    "maxResTime" : 52008.0,
    "pct1ResTime" : 2582.0,
    "pct2ResTime" : 2609.0,
    "pct3ResTime" : 2658.0,
    "throughput" : 214.03220271831654,
    "receivedKBytesPerSec" : 83.46687899974886,
    "sentKBytesPerSec" : 0.0
  },
  "Total" : {
    "transaction" : "Total",
    "sampleCount" : 271276,
    "errorCount" : 5000,
    "errorPct" : 1.8431413,
    "meanResTime" : 4402.294486058468,
    "medianResTime" : 2399.0,
    "minResTime" : 0.0,
    "maxResTime" : 52008.0,
    "pct1ResTime" : 2590.0,
    "pct2ResTime" : 2623.0,
    "pct3ResTime" : 2662.0,
    "throughput" : 449.40626076815016,
    "receivedKBytesPerSec" : 166.48644359787917,
    "sentKBytesPerSec" : 0.0
  },
  "Search" : {
    "transaction" : "Search",
    "sampleCount" : 130163,
    "errorCount" : 0,
    "errorPct" : 0.0,
    "meanResTime" : 3675.6232416278003,
    "medianResTime" : 2388.0,
    "minResTime" : 134.0,
    "maxResTime" : 50516.0,
    "pct1ResTime" : 2564.0,
    "pct2ResTime" : 2592.0,
    "pct3ResTime" : 2637.0,
    "throughput" : 215.72702608188354,
    "receivedKBytesPerSec" : 76.05623201763763,
    "sentKBytesPerSec" : 0.0
  },
  "Compare" : {
    "transaction" : "Compare",
    "sampleCount" : 2000,
    "errorCount" : 2000,
    "errorPct" : 100.0,
    "meanResTime" : 27789.829500000036,
    "medianResTime" : 27532.5,
    "minResTime" : 1657.0,
    "maxResTime" : 50514.0,
    "pct1ResTime" : 46438.0,
    "pct2ResTime" : 48230.85,
    "pct3ResTime" : 49902.98,
    "throughput" : 6.073397002778579,
    "receivedKBytesPerSec" : 4.197856090858019,
    "sentKBytesPerSec" : 0.0
  },
  "Unbind" : {
    "transaction" : "Unbind",
    "sampleCount" : 2000,
    "errorCount" : 0,
    "errorPct" : 0.0,
    "meanResTime" : 0.15150000000000008,
    "medianResTime" : 0.0,
    "minResTime" : 0.0,
    "maxResTime" : 2.0,
    "pct1ResTime" : 1.0,
    "pct2ResTime" : 1.0,
    "pct3ResTime" : 1.0,
    "throughput" : 6.311139160618492,
    "receivedKBytesPerSec" : 1.2326443673082992,
    "sentKBytesPerSec" : 0.0
  }
}