{
  "Add" : {
    "transaction" : "Add",
    "sampleCount" : 7256,
    "errorCount" : 7256,
    "errorPct" : 100.0,
    "meanResTime" : 0.1500826901874306,
    "medianResTime" : 0.0,
    "minResTime" : 0.0,
    "maxResTime" : 91.0,
    "pct1ResTime" : 0.0,
    "pct2ResTime" : 1.0,
    "pct3ResTime" : 1.0,
    "throughput" : 16.26373429325826,
    "receivedKBytesPerSec" : 6.359198243119965,
    "sentKBytesPerSec" : 0.0
  },
  "Delete" : {
    "transaction" : "Delete",
    "sampleCount" : 7256,
    "errorCount" : 7256,
    "errorPct" : 100.0,
    "meanResTime" : 0.011025358324145562,
    "medianResTime" : 0.0,
    "minResTime" : 0.0,
    "maxResTime" : 15.0,
    "pct1ResTime" : 0.0,
    "pct2ResTime" : 0.0,
    "pct3ResTime" : 0.0,
    "throughput" : 16.26373429325826,
    "receivedKBytesPerSec" : 3.144745498110484,
    "sentKBytesPerSec" : 0.0
  },
  "Bind" : {
    "transaction" : "Bind",
    "sampleCount" : 9256,
    "errorCount" : 9010,
    "errorPct" : 97.34226,
    "meanResTime" : 134268.94727744194,
    "medianResTime" : 130341.5,
    "minResTime" : 8.0,
    "maxResTime" : 474798.0,
    "pct1ResTime" : 130954.0,
    "pct2ResTime" : 131048.0,
    "pct3ResTime" : 314747.58,
    "throughput" : 13.785974825999729,
    "receivedKBytesPerSec" : 4.518272239304922,
    "sentKBytesPerSec" : 0.0
  },
  "Search (No-Index, RDN-Base)" : {
    "transaction" : "Search (No-Index, RDN-Base)",
    "sampleCount" : 362964,
    "errorCount" : 362800,
    "errorPct" : 99.95482,
    "meanResTime" : 48.524407379244074,
    "medianResTime" : 0.0,
    "minResTime" : 0.0,
    "maxResTime" : 205039.0,
    "pct1ResTime" : 0.0,
    "pct2ResTime" : 0.0,
    "pct3ResTime" : 0.0,
    "throughput" : 660.3271399541181,
    "receivedKBytesPerSec" : 258.39853912291943,
    "sentKBytesPerSec" : 0.0
  },
  "Total" : {
    "transaction" : "Total",
    "sampleCount" : 764293,
    "errorCount" : 756378,
    "errorPct" : 98.9644,
    "meanResTime" : 1699.3442397091285,
    "medianResTime" : 0.0,
    "minResTime" : 0.0,
    "maxResTime" : 474798.0,
    "pct1ResTime" : 129687.9,
    "pct2ResTime" : 130680.75,
    "pct3ResTime" : 204293.8500000005,
    "throughput" : 1112.9081343656305,
    "receivedKBytesPerSec" : 410.3474620219169,
    "sentKBytesPerSec" : 0.0
  },
  "Search" : {
    "transaction" : "Search",
    "sampleCount" : 363049,
    "errorCount" : 362800,
    "errorPct" : 99.93141,
    "meanResTime" : 105.74213949081351,
    "medianResTime" : 0.0,
    "minResTime" : 0.0,
    "maxResTime" : 267816.0,
    "pct1ResTime" : 0.0,
    "pct2ResTime" : 0.0,
    "pct3ResTime" : 0.0,
    "throughput" : 528.6841618574551,
    "receivedKBytesPerSec" : 187.42307701846724,
    "sentKBytesPerSec" : 0.0
  },
  "Compare" : {
    "transaction" : "Compare",
    "sampleCount" : 7256,
    "errorCount" : 7256,
    "errorPct" : 100.0,
    "meanResTime" : 0.004685777287761851,
    "medianResTime" : 0.0,
    "minResTime" : 0.0,
    "maxResTime" : 2.0,
    "pct1ResTime" : 0.0,
    "pct2ResTime" : 0.0,
    "pct3ResTime" : 0.0,
    "throughput" : 16.26373429325826,
    "receivedKBytesPerSec" : 5.329483037083152,
    "sentKBytesPerSec" : 0.0
  },
  "Unbind" : {
    "transaction" : "Unbind",
    "sampleCount" : 7256,
    "errorCount" : 0,
    "errorPct" : 0.0,
    "meanResTime" : 0.018880926130099198,
    "medianResTime" : 0.0,
    "minResTime" : 0.0,
    "maxResTime" : 9.0,
    "pct1ResTime" : 0.0,
    "pct2ResTime" : 0.0,
    "pct3ResTime" : 1.0,
    "throughput" : 16.26373429325826,
    "receivedKBytesPerSec" : 3.176510604152004,
    "sentKBytesPerSec" : 0.0
  }
}