{
  "Add" : {
    "transaction" : "Add",
    "sampleCount" : 7617,
    "errorCount" : 7617,
    "errorPct" : 100.0,
    "meanResTime" : 0.5830379414467642,
    "medianResTime" : 0.0,
    "minResTime" : 0.0,
    "maxResTime" : 164.0,
    "pct1ResTime" : 1.0,
    "pct2ResTime" : 1.0,
    "pct3ResTime" : 9.819999999999709,
    "throughput" : 18.50502164628369,
    "receivedKBytesPerSec" : 7.234818315312984,
    "sentKBytesPerSec" : 0.0
  },
  "Delete" : {
    "transaction" : "Delete",
    "sampleCount" : 7617,
    "errorCount" : 7617,
    "errorPct" : 100.0,
    "meanResTime" : 0.01627937508205331,
    "medianResTime" : 0.0,
    "minResTime" : 0.0,
    "maxResTime" : 30.0,
    "pct1ResTime" : 0.0,
    "pct2ResTime" : 0.0,
    "pct3ResTime" : 1.0,
    "throughput" : 18.505066603177223,
    "receivedKBytesPerSec" : 3.578128112723721,
    "sentKBytesPerSec" : 0.0
  },
  "Bind" : {
    "transaction" : "Bind",
    "sampleCount" : 9617,
    "errorCount" : 9346,
    "errorPct" : 97.182076,
    "meanResTime" : 131679.4160341055,
    "medianResTime" : 130502.0,
    "minResTime" : 7.0,
    "maxResTime" : 479749.0,
    "pct1ResTime" : 130967.0,
    "pct2ResTime" : 131039.0,
    "pct3ResTime" : 207594.37999999998,
    "throughput" : 14.261605628121625,
    "receivedKBytesPerSec" : 4.672301999175476,
    "sentKBytesPerSec" : 0.0
  },
  "Search (No-Index, RDN-Base)" : {
    "transaction" : "Search (No-Index, RDN-Base)",
    "sampleCount" : 380915,
    "errorCount" : 380850,
    "errorPct" : 99.98293,
    "meanResTime" : 12.328372471548857,
    "medianResTime" : 0.0,
    "minResTime" : 0.0,
    "maxResTime" : 120206.0,
    "pct1ResTime" : 0.0,
    "pct2ResTime" : 0.0,
    "pct3ResTime" : 0.0,
    "throughput" : 792.8444907907527,
    "receivedKBytesPerSec" : 310.22225055990225,
    "sentKBytesPerSec" : 0.0
  },
  "Total" : {
    "transaction" : "Total",
    "sampleCount" : 801966,
    "errorCount" : 793897,
    "errorPct" : 98.99385,
    "meanResTime" : 1606.6272984141328,
    "medianResTime" : 0.0,
    "minResTime" : 0.0,
    "maxResTime" : 479749.0,
    "pct1ResTime" : 120031.9,
    "pct2ResTime" : 130769.0,
    "pct3ResTime" : 130976.0,
    "throughput" : 1189.28177385486,
    "receivedKBytesPerSec" : 438.47797449599824,
    "sentKBytesPerSec" : 0.0
  },
  "Search" : {
    "transaction" : "Search",
    "sampleCount" : 380966,
    "errorCount" : 380850,
    "errorPct" : 99.96955,
    "meanResTime" : 45.66760813300997,
    "medianResTime" : 0.0,
    "minResTime" : 0.0,
    "maxResTime" : 360010.0,
    "pct1ResTime" : 0.0,
    "pct2ResTime" : 0.0,
    "pct3ResTime" : 0.0,
    "throughput" : 575.016112453606,
    "receivedKBytesPerSec" : 203.83905414661731,
    "sentKBytesPerSec" : 0.0
  },
  "Compare" : {
    "transaction" : "Compare",
    "sampleCount" : 7617,
    "errorCount" : 7617,
    "errorPct" : 100.0,
    "meanResTime" : 0.012734672443219146,
    "medianResTime" : 0.0,
    "minResTime" : 0.0,
    "maxResTime" : 38.0,
    "pct1ResTime" : 0.0,
    "pct2ResTime" : 0.0,
    "pct3ResTime" : 0.0,
    "throughput" : 18.505066603177223,
    "receivedKBytesPerSec" : 6.063004545943195,
    "sentKBytesPerSec" : 0.0
  },
  "Unbind" : {
    "transaction" : "Unbind",
    "sampleCount" : 7617,
    "errorCount" : 0,
    "errorPct" : 0.0,
    "meanResTime" : 0.13049757122226616,
    "medianResTime" : 0.0,
    "minResTime" : 0.0,
    "maxResTime" : 248.0,
    "pct1ResTime" : 0.0,
    "pct2ResTime" : 0.0,
    "pct3ResTime" : 1.0,
    "throughput" : 18.505066603177223,
    "receivedKBytesPerSec" : 3.6142708209330516,
    "sentKBytesPerSec" : 0.0
  }
}