{
  "Add" : {
    "transaction" : "Add",
    "sampleCount" : 29996,
    "errorCount" : 20015,
    "errorPct" : 66.72556,
    "meanResTime" : 157.13868515802133,
    "medianResTime" : 152.0,
    "minResTime" : 0.0,
    "maxResTime" : 1707.0,
    "pct1ResTime" : 357.0,
    "pct2ResTime" : 418.0,
    "pct3ResTime" : 564.0,
    "throughput" : 82.54219844689902,
    "receivedKBytesPerSec" : 28.97542808136719,
    "sentKBytesPerSec" : 0.0
  },
  "Delete" : {
    "transaction" : "Delete",
    "sampleCount" : 29997,
    "errorCount" : 1877,
    "errorPct" : 6.2572923,
    "meanResTime" : 155.0999433276656,
    "medianResTime" : 148.0,
    "minResTime" : 0.0,
    "maxResTime" : 1730.0,
    "pct1ResTime" : 351.0,
    "pct2ResTime" : 410.0,
    "pct3ResTime" : 552.9900000000016,
    "throughput" : 82.554264216578,
    "receivedKBytesPerSec" : 12.939648646593884,
    "sentKBytesPerSec" : 0.0
  },
  "Bind" : {
    "transaction" : "Bind",
    "sampleCount" : 29987,
    "errorCount" : 1877,
    "errorPct" : 6.259379,
    "meanResTime" : 6669.43602227634,
    "medianResTime" : 6574.0,
    "minResTime" : 0.0,
    "maxResTime" : 16890.0,
    "pct1ResTime" : 13897.0,
    "pct2ResTime" : 14816.0,
    "pct3ResTime" : 15337.0,
    "throughput" : 82.39680821247809,
    "receivedKBytesPerSec" : 18.32532542816829,
    "sentKBytesPerSec" : 0.0
  },
  "Search (No-Index, RDN-Base)" : {
    "transaction" : "Search (No-Index, RDN-Base)",
    "sampleCount" : 1499616,
    "errorCount" : 93850,
    "errorPct" : 6.258269,
    "meanResTime" : 57.881687712057634,
    "medianResTime" : 5.0,
    "minResTime" : 0.0,
    "maxResTime" : 1691.0,
    "pct1ResTime" : 30.0,
    "pct2ResTime" : 39.0,
    "pct3ResTime" : 59.0,
    "throughput" : 4121.262088695781,
    "receivedKBytesPerSec" : 1590.965742275636,
    "sentKBytesPerSec" : 0.0
  },
  "Total" : {
    "transaction" : "Total",
    "sampleCount" : 3149200,
    "errorCount" : 241465,
    "errorPct" : 7.667503,
    "meanResTime" : 121.92158738726907,
    "medianResTime" : 1.0,
    "minResTime" : 0.0,
    "maxResTime" : 16890.0,
    "pct1ResTime" : 15.0,
    "pct2ResTime" : 25.0,
    "pct3ResTime" : 72.0,
    "throughput" : 8652.361458361953,
    "receivedKBytesPerSec" : 3142.118533979449,
    "sentKBytesPerSec" : 0.0
  },
  "Search" : {
    "transaction" : "Search",
    "sampleCount" : 1499612,
    "errorCount" : 93850,
    "errorPct" : 6.2582855,
    "meanResTime" : 56.84502591336913,
    "medianResTime" : 5.0,
    "minResTime" : 0.0,
    "maxResTime" : 1672.0,
    "pct1ResTime" : 31.0,
    "pct2ResTime" : 39.0,
    "pct3ResTime" : 56.0,
    "throughput" : 4120.571643681667,
    "receivedKBytesPerSec" : 1451.7785473433642,
    "sentKBytesPerSec" : 0.0
  },
  "Compare" : {
    "transaction" : "Compare",
    "sampleCount" : 29996,
    "errorCount" : 29996,
    "errorPct" : 100.0,
    "meanResTime" : 84.68149086544823,
    "medianResTime" : 77.0,
    "minResTime" : 0.0,
    "maxResTime" : 1114.0,
    "pct1ResTime" : 222.0,
    "pct2ResTime" : 256.0,
    "pct3ResTime" : 313.0,
    "throughput" : 82.55923727110839,
    "receivedKBytesPerSec" : 23.719647263346793,
    "sentKBytesPerSec" : 0.0
  },
  "Unbind" : {
    "transaction" : "Unbind",
    "sampleCount" : 29996,
    "errorCount" : 0,
    "errorPct" : 0.0,
    "meanResTime" : 0.2375650086678216,
    "medianResTime" : 0.0,
    "minResTime" : 0.0,
    "maxResTime" : 518.0,
    "pct1ResTime" : 0.0,
    "pct2ResTime" : 1.0,
    "pct3ResTime" : 1.0,
    "throughput" : 82.55969173604899,
    "receivedKBytesPerSec" : 16.12493979219707,
    "sentKBytesPerSec" : 0.0
  }
}