{
  "Add" : {
    "transaction" : "Add",
    "sampleCount" : 31579,
    "errorCount" : 31579,
    "errorPct" : 100.0,
    "meanResTime" : 392.3674277209541,
    "medianResTime" : 335.0,
    "minResTime" : 1.0,
    "maxResTime" : 11210.0,
    "pct1ResTime" : 448.0,
    "pct2ResTime" : 653.0,
    "pct3ResTime" : 727.0,
    "throughput" : 53.28287216936323,
    "receivedKBytesPerSec" : 27.947242217172544,
    "sentKBytesPerSec" : 0.0
  },
  "Delete" : {
    "transaction" : "Delete",
    "sampleCount" : 31563,
    "errorCount" : 0,
    "errorPct" : 0.0,
    "meanResTime" : 350.1741596172743,
    "medianResTime" : 336.0,
    "minResTime" : 12.0,
    "maxResTime" : 2918.0,
    "pct1ResTime" : 382.0,
    "pct2ResTime" : 409.0,
    "pct3ResTime" : 506.9900000000016,
    "throughput" : 53.28770430498739,
    "receivedKBytesPerSec" : 8.222126250183603,
    "sentKBytesPerSec" : 0.0
  },
  "Bind" : {
    "transaction" : "Bind",
    "sampleCount" : 33549,
    "errorCount" : 0,
    "errorPct" : 0.0,
    "meanResTime" : 1105.509225312228,
    "medianResTime" : 939.0,
    "minResTime" : 13.0,
    "maxResTime" : 65156.0,
    "pct1ResTime" : 1062.0,
    "pct2ResTime" : 1129.9500000000007,
    "pct3ResTime" : 1329.9900000000016,
    "throughput" : 55.024339360222534,
    "receivedKBytesPerSec" : 11.499227170984005,
    "sentKBytesPerSec" : 0.0
  },
  "Search (No-Index, RDN-Base)" : {
    "transaction" : "Search (No-Index, RDN-Base)",
    "sampleCount" : 1630708,
    "errorCount" : 0,
    "errorPct" : 0.0,
    "meanResTime" : 344.3805009848366,
    "medianResTime" : 157.0,
    "minResTime" : 1.0,
    "maxResTime" : 28717.0,
    "pct1ResTime" : 204.0,
    "pct2ResTime" : 220.0,
    "pct3ResTime" : 241.0,
    "throughput" : 2675.155641225444,
    "receivedKBytesPerSec" : 1067.1272056863388,
    "sentKBytesPerSec" : 0.0
  },
  "Total" : {
    "transaction" : "Total",
    "sampleCount" : 3422190,
    "errorCount" : 63134,
    "errorPct" : 1.8448421,
    "meanResTime" : 349.0249971509466,
    "medianResTime" : 109.0,
    "minResTime" : 0.0,
    "maxResTime" : 65156.0,
    "pct1ResTime" : 164.0,
    "pct2ResTime" : 170.0,
    "pct3ResTime" : 219.0,
    "throughput" : 5612.3924979828,
    "receivedKBytesPerSec" : 2143.854919657412,
    "sentKBytesPerSec" : 0.0
  },
  "Search" : {
    "transaction" : "Search",
    "sampleCount" : 1631687,
    "errorCount" : 0,
    "errorPct" : 0.0,
    "meanResTime" : 344.0585320591525,
    "medianResTime" : 157.0,
    "minResTime" : 1.0,
    "maxResTime" : 28718.0,
    "pct1ResTime" : 204.0,
    "pct2ResTime" : 220.0,
    "pct3ResTime" : 236.0,
    "throughput" : 2676.6870300135174,
    "receivedKBytesPerSec" : 998.5350633343696,
    "sentKBytesPerSec" : 0.0
  },
  "Compare" : {
    "transaction" : "Compare",
    "sampleCount" : 31555,
    "errorCount" : 31555,
    "errorPct" : 100.0,
    "meanResTime" : 345.8718428141319,
    "medianResTime" : 332.0,
    "minResTime" : 2.0,
    "maxResTime" : 7433.0,
    "pct1ResTime" : 376.0,
    "pct2ResTime" : 401.0,
    "pct3ResTime" : 491.0,
    "throughput" : 53.31155030089644,
    "receivedKBytesPerSec" : 22.687585239559855,
    "sentKBytesPerSec" : 0.0
  },
  "Unbind" : {
    "transaction" : "Unbind",
    "sampleCount" : 31549,
    "errorCount" : 0,
    "errorPct" : 0.0,
    "meanResTime" : 0.1315414117721643,
    "medianResTime" : 0.0,
    "minResTime" : 0.0,
    "maxResTime" : 170.0,
    "pct1ResTime" : 0.0,
    "pct2ResTime" : 1.0,
    "pct3ResTime" : 1.0,
    "throughput" : 53.33854055717295,
    "receivedKBytesPerSec" : 10.417683702572843,
    "sentKBytesPerSec" : 0.0
  }
}