{
  "Add" : {
    "transaction" : "Add",
    "sampleCount" : 2000,
    "errorCount" : 1500,
    "errorPct" : 75.0,
    "meanResTime" : 31071.503000000004,
    "medianResTime" : 32680.5,
    "minResTime" : 2496.0,
    "maxResTime" : 48837.0,
    "pct1ResTime" : 45787.600000000006,
    "pct2ResTime" : 47608.39999999999,
    "pct3ResTime" : 48382.97,
    "throughput" : 6.285967520405822,
    "receivedKBytesPerSec" : 2.6026483763345896,
    "sentKBytesPerSec" : 0.0
  },
  "Delete" : {
    "transaction" : "Delete",
    "sampleCount" : 2000,
    "errorCount" : 1500,
    "errorPct" : 75.0,
    "meanResTime" : 32231.05199999994,
    "medianResTime" : 34670.0,
    "minResTime" : 8802.0,
    "maxResTime" : 48849.0,
    "pct1ResTime" : 46033.0,
    "pct2ResTime" : 47529.95,
    "pct3ResTime" : 48232.88,
    "throughput" : 6.072087826678325,
    "receivedKBytesPerSec" : 2.4091749674004785,
    "sentKBytesPerSec" : 0.0
  },
  "Bind" : {
    "transaction" : "Bind",
    "sampleCount" : 4000,
    "errorCount" : 0,
    "errorPct" : 0.0,
    "meanResTime" : 12742.563000000016,
    "medianResTime" : 1872.0,
    "minResTime" : 10.0,
    "maxResTime" : 48838.0,
    "pct1ResTime" : 41686.40000000001,
    "pct2ResTime" : 45216.8,
    "pct3ResTime" : 48130.93,
    "throughput" : 7.5754993200989365,
    "receivedKBytesPerSec" : 1.583160990723801,
    "sentKBytesPerSec" : 0.0
  },
  "Search (No-Index, RDN-Base)" : {
    "transaction" : "Search (No-Index, RDN-Base)",
    "sampleCount" : 136030,
    "errorCount" : 0,
    "errorPct" : 0.0,
    "meanResTime" : 3555.112541351152,
    "medianResTime" : 2319.0,
    "minResTime" : 189.0,
    "maxResTime" : 50297.0,
    "pct1ResTime" : 2513.0,
    "pct2ResTime" : 2560.0,
    "pct3ResTime" : 2639.9900000000016,
    "throughput" : 225.27341498797705,
    "receivedKBytesPerSec" : 86.69901445986049,
    "sentKBytesPerSec" : 0.0
  },
  "Total" : {
    "transaction" : "Total",
    "sampleCount" : 285069,
    "errorCount" : 5000,
    "errorPct" : 1.7539613,
    "meanResTime" : 4184.8920436806075,
    "medianResTime" : 2295.0,
    "minResTime" : 0.0,
    "maxResTime" : 50297.0,
    "pct1ResTime" : 2492.0,
    "pct2ResTime" : 2527.0,
    "pct3ResTime" : 2577.0,
    "throughput" : 471.70457591612643,
    "receivedKBytesPerSec" : 173.53512619386834,
    "sentKBytesPerSec" : 0.0
  },
  "Search" : {
    "transaction" : "Search",
    "sampleCount" : 137039,
    "errorCount" : 0,
    "errorPct" : 0.0,
    "meanResTime" : 3464.180182283831,
    "medianResTime" : 2303.0,
    "minResTime" : 143.0,
    "maxResTime" : 48849.0,
    "pct1ResTime" : 2497.0,
    "pct2ResTime" : 2541.0,
    "pct3ResTime" : 2621.0,
    "throughput" : 226.8876397983427,
    "receivedKBytesPerSec" : 80.00347393966423,
    "sentKBytesPerSec" : 0.0
  },
  "Compare" : {
    "transaction" : "Compare",
    "sampleCount" : 2000,
    "errorCount" : 2000,
    "errorPct" : 100.0,
    "meanResTime" : 28538.81500000008,
    "medianResTime" : 30280.5,
    "minResTime" : 1598.0,
    "maxResTime" : 48840.0,
    "pct1ResTime" : 44785.5,
    "pct2ResTime" : 46578.549999999996,
    "pct3ResTime" : 48241.75,
    "throughput" : 6.203993510622787,
    "receivedKBytesPerSec" : 4.191803341936205,
    "sentKBytesPerSec" : 0.0
  },
  "Unbind" : {
    "transaction" : "Unbind",
    "sampleCount" : 2000,
    "errorCount" : 0,
    "errorPct" : 0.0,
    "meanResTime" : 0.12549999999999986,
    "medianResTime" : 0.0,
    "minResTime" : 0.0,
    "maxResTime" : 1.0,
    "pct1ResTime" : 1.0,
    "pct2ResTime" : 1.0,
    "pct3ResTime" : 1.0,
    "throughput" : 6.47427285822961,
    "receivedKBytesPerSec" : 1.2645064176229706,
    "sentKBytesPerSec" : 0.0
  }
}