{
  "Add" : {
    "transaction" : "Add",
    "sampleCount" : 2000,
    "errorCount" : 1500,
    "errorPct" : 75.0,
    "meanResTime" : 35448.407500000016,
    "medianResTime" : 34724.0,
    "minResTime" : 2397.0,
    "maxResTime" : 55947.0,
    "pct1ResTime" : 53948.600000000006,
    "pct2ResTime" : 54735.2,
    "pct3ResTime" : 55513.42,
    "throughput" : 6.420051103606785,
    "receivedKBytesPerSec" : 2.6581644793017554,
    "sentKBytesPerSec" : 0.0
  },
  "Delete" : {
    "transaction" : "Delete",
    "sampleCount" : 2000,
    "errorCount" : 1500,
    "errorPct" : 75.0,
    "meanResTime" : 37327.38149999998,
    "medianResTime" : 39494.5,
    "minResTime" : 8847.0,
    "maxResTime" : 55948.0,
    "pct1ResTime" : 54253.200000000004,
    "pct2ResTime" : 54759.0,
    "pct3ResTime" : 55723.0,
    "throughput" : 6.162739460945179,
    "receivedKBytesPerSec" : 2.4451872471350966,
    "sentKBytesPerSec" : 0.0
  },
  "Bind" : {
    "transaction" : "Bind",
    "sampleCount" : 4000,
    "errorCount" : 0,
    "errorPct" : 0.0,
    "meanResTime" : 13873.761749999989,
    "medianResTime" : 2093.0,
    "minResTime" : 8.0,
    "maxResTime" : 55948.0,
    "pct1ResTime" : 48894.600000000006,
    "pct2ResTime" : 53773.549999999996,
    "pct3ResTime" : 55434.95,
    "throughput" : 7.5171014056979635,
    "receivedKBytesPerSec" : 1.57095673908141,
    "sentKBytesPerSec" : 0.0
  },
  "Search (No-Index, RDN-Base)" : {
    "transaction" : "Search (No-Index, RDN-Base)",
    "sampleCount" : 134072,
    "errorCount" : 0,
    "errorPct" : 0.0,
    "meanResTime" : 3503.7709961811256,
    "medianResTime" : 2266.0,
    "minResTime" : 249.0,
    "maxResTime" : 58140.0,
    "pct1ResTime" : 2373.0,
    "pct2ResTime" : 2405.0,
    "pct3ResTime" : 2465.0,
    "throughput" : 222.37075835806016,
    "receivedKBytesPerSec" : 85.58169150425594,
    "sentKBytesPerSec" : 0.0
  },
  "Total" : {
    "transaction" : "Total",
    "sampleCount" : 281177,
    "errorCount" : 5000,
    "errorPct" : 1.7782394,
    "meanResTime" : 4248.346248092823,
    "medianResTime" : 2244.0,
    "minResTime" : 0.0,
    "maxResTime" : 58140.0,
    "pct1ResTime" : 2378.0,
    "pct2ResTime" : 2431.0,
    "pct3ResTime" : 2467.0,
    "throughput" : 465.38999462076384,
    "receivedKBytesPerSec" : 171.20510406753013,
    "sentKBytesPerSec" : 0.0
  },
  "Search" : {
    "transaction" : "Search",
    "sampleCount" : 135105,
    "errorCount" : 0,
    "errorPct" : 0.0,
    "meanResTime" : 3397.706206283991,
    "medianResTime" : 2248.0,
    "minResTime" : 180.0,
    "maxResTime" : 56226.0,
    "pct1ResTime" : 2355.0,
    "pct2ResTime" : 2383.0,
    "pct3ResTime" : 2443.0,
    "throughput" : 223.8750323123728,
    "receivedKBytesPerSec" : 78.94056539040389,
    "sentKBytesPerSec" : 0.0
  },
  "Compare" : {
    "transaction" : "Compare",
    "sampleCount" : 2000,
    "errorCount" : 2000,
    "errorPct" : 100.0,
    "meanResTime" : 32342.829499999927,
    "medianResTime" : 33459.5,
    "minResTime" : 1479.0,
    "maxResTime" : 55944.0,
    "pct1ResTime" : 53665.100000000006,
    "pct2ResTime" : 54556.95,
    "pct3ResTime" : 55663.0,
    "throughput" : 6.304792588085833,
    "receivedKBytesPerSec" : 4.259810946853751,
    "sentKBytesPerSec" : 0.0
  },
  "Unbind" : {
    "transaction" : "Unbind",
    "sampleCount" : 2000,
    "errorCount" : 0,
    "errorPct" : 0.0,
    "meanResTime" : 0.14349999999999996,
    "medianResTime" : 0.0,
    "minResTime" : 0.0,
    "maxResTime" : 2.0,
    "pct1ResTime" : 1.0,
    "pct2ResTime" : 1.0,
    "pct3ResTime" : 1.0,
    "throughput" : 6.599527473832874,
    "receivedKBytesPerSec" : 1.288970209732983,
    "sentKBytesPerSec" : 0.0
  }
}